propertyCode,address,url
93713058,Calle Doctor Nicasio Benlloch,https://www.idealista.com/inmueble/93713058/
95768330,Juan Bautista Comes,https://www.idealista.com/inmueble/95768330/
95768462,Calle de Felipe Salvador,https://www.idealista.com/inmueble/95768462/
95767951,"Calle de la Democracia, Nou Moles",https://www.idealista.com/inmueble/95767951/
95720789,barrio La Petxina,https://www.idealista.com/inmueble/95720789/
95726855,barrio El Mercat,https://www.idealista.com/inmueble/95726855/
95599661,barrio Malilla,https://www.idealista.com/inmueble/95599661/
95767501,Calle Santos Justo y Pastor,https://www.idealista.com/inmueble/95767501/
95767433,"av malvarosa, 20",https://www.idealista.com/inmueble/95767433/
95600514,barrio Sant Francesc,https://www.idealista.com/inmueble/95600514/
95599612,barrio Russafa,https://www.idealista.com/inmueble/95599612/
95302774,barrio Campanar,https://www.idealista.com/inmueble/95302774/
95234995,barrio En Corts,https://www.idealista.com/inmueble/95234995/
95659654,barrio El Carme,https://www.idealista.com/inmueble/95659654/
91679352,"Francisco Cubells, 10  ",https://www.idealista.com/inmueble/91679352/
95302409,barrio El Cabanyal-El Canyamelar,https://www.idealista.com/inmueble/95302409/
95320802,barrio La Creu Coberta,https://www.idealista.com/inmueble/95320802/
95302103,barrio Benimaclet,https://www.idealista.com/inmueble/95302103/
95163599,barrio Benicalap,https://www.idealista.com/inmueble/95163599/
95766665,barrio Sant Francesc,https://www.idealista.com/inmueble/95766665/
95766638,"Avenida Valladolid, 3",https://www.idealista.com/inmueble/95766638/
33924117,Avenida del Cardenal Benlloch,https://www.idealista.com/inmueble/33924117/
95464308,Calle San Vicente Mártir,https://www.idealista.com/inmueble/95464308/
95449159,Calle de Colón,https://www.idealista.com/inmueble/95449159/
95765238,"Avenida del Primado Reig, 113",https://www.idealista.com/inmueble/95765238/
95763674,barrio En Corts,https://www.idealista.com/inmueble/95763674/
95761970,Calle de Pere de València,https://www.idealista.com/inmueble/95761970/
95761969,"Calle de la Puebla de Valverde, 7",https://www.idealista.com/inmueble/95761969/
95761772,barrio Sant Llorenç,https://www.idealista.com/inmueble/95761772/
86741556,barrio Ciutat Fallera,https://www.idealista.com/inmueble/86741556/
95761479,Calle de Dolores Marqués,https://www.idealista.com/inmueble/95761479/
88099280,barrio Mestalla,https://www.idealista.com/inmueble/88099280/
95759621,La Constitución - Canaleta,https://www.idealista.com/inmueble/95759621/
95759210,barrio Tormos,https://www.idealista.com/inmueble/95759210/
95756481,"Gran Via Fernando el Católico, 70",https://www.idealista.com/inmueble/95756481/
82411193,barrio Benimaclet,https://www.idealista.com/inmueble/82411193/
95753656,barrio Sant Francesc,https://www.idealista.com/inmueble/95753656/
95752777,Calle de Sant Pius X,https://www.idealista.com/inmueble/95752777/
95752602,barrio El Carme,https://www.idealista.com/inmueble/95752602/
95752244,barrio El Mercat,https://www.idealista.com/inmueble/95752244/
95751671,barrio La Petxina,https://www.idealista.com/inmueble/95751671/
95751360,Calle del Pare Rico,https://www.idealista.com/inmueble/95751360/
95748088,"Avenida del Puerto, 109",https://www.idealista.com/inmueble/95748088/
95741591,Calle Pintor Peiró,https://www.idealista.com/inmueble/95741591/
95738471,Calle de Don Juan de Austria,https://www.idealista.com/inmueble/95738471/
95736076,Avenida de Burjassot,https://www.idealista.com/inmueble/95736076/
95735852,Calle Salvador Perles s/n,https://www.idealista.com/inmueble/95735852/
95735706,barrio El Mercat,https://www.idealista.com/inmueble/95735706/
95735682,"Calle Santa Genoveva Torres, 2",https://www.idealista.com/inmueble/95735682/
95733247,Calle de Vicent Sancho Tello,https://www.idealista.com/inmueble/95733247/
94779007,Calle Don Juan de Austria,https://www.idealista.com/inmueble/94779007/
94210159,"Calle del Comte d'Altea, 34",https://www.idealista.com/inmueble/94210159/
92070684,barrio Sant Francesc,https://www.idealista.com/inmueble/92070684/
91943309,Paseo Serra d 'Espadá,https://www.idealista.com/inmueble/91943309/
91755682,Plaza Poeta Badenes,https://www.idealista.com/inmueble/91755682/
91237308,barrio Gran Vía,https://www.idealista.com/inmueble/91237308/
89727388,barrio Sant Francesc,https://www.idealista.com/inmueble/89727388/
95668208,barrio El Cabanyal-El Canyamelar,https://www.idealista.com/inmueble/95668208/
95659700,barrio El Cabanyal-El Canyamelar,https://www.idealista.com/inmueble/95659700/
95654534,barrio Malilla,https://www.idealista.com/inmueble/95654534/
95614955,barrio La Seu,https://www.idealista.com/inmueble/95614955/
95568845,barrio En Corts,https://www.idealista.com/inmueble/95568845/
95568276,barrio La Petxina,https://www.idealista.com/inmueble/95568276/
95543183,Calle Periodista Badía,https://www.idealista.com/inmueble/95543183/
95525691,Calle de la Reina,https://www.idealista.com/inmueble/95525691/
95760185,barrio Ciutat Fallera,https://www.idealista.com/inmueble/95760185/
93170044,Avenida Real de Madrid,https://www.idealista.com/inmueble/93170044/
95715217,barrio Penya-Roja,https://www.idealista.com/inmueble/95715217/
95207292,Calle Escultor José Capuz,https://www.idealista.com/inmueble/95207292/
89289756,Calle de la Sénia,https://www.idealista.com/inmueble/89289756/
95720720,Calle de Trinitarios,https://www.idealista.com/inmueble/95720720/
95733267,"Gran Vía del Marqués del Turia, 4",https://www.idealista.com/inmueble/95733267/
95732381,Calle Molinell,https://www.idealista.com/inmueble/95732381/
95694356,"Calle Santiago Rusiñol, 26",https://www.idealista.com/inmueble/95694356/
34117979,"Avenida del doctor waksman, 35",https://www.idealista.com/inmueble/34117979/
91980532,Sedavi,https://www.idealista.com/inmueble/91980532/
35017601,"Avenida jacinto benavente, 5",https://www.idealista.com/inmueble/35017601/
95596194,Calle de la Reina,https://www.idealista.com/inmueble/95596194/
95593845,Calle de Colón,https://www.idealista.com/inmueble/95593845/
95593562,Paseo Alameda,https://www.idealista.com/inmueble/95593562/
95560332,Calle Arquitecto Alfaro s/n,https://www.idealista.com/inmueble/95560332/
95515474,Calle de Just Vilar,https://www.idealista.com/inmueble/95515474/
91709217,Gran Via del Marqués del Túria,https://www.idealista.com/inmueble/91709217/
95495798,Calle de Ciscar,https://www.idealista.com/inmueble/95495798/
95235390,jeronima gales,https://www.idealista.com/inmueble/95235390/
89890085,"San Martín, 7",https://www.idealista.com/inmueble/89890085/
90132883,"Avenida de les Corts Valencianes, 46",https://www.idealista.com/inmueble/90132883/
89891542,"Ribera, 13",https://www.idealista.com/inmueble/89891542/
93832407,ernesto anastacio,https://www.idealista.com/inmueble/93832407/
90132879,"Avenida de les Corts Valencianes, 46",https://www.idealista.com/inmueble/90132879/
39254167,Calle de la Cruz Roja,https://www.idealista.com/inmueble/39254167/
95740814,Paseo alameda,https://www.idealista.com/inmueble/95740814/
95107042,"Calle del Almirante Cadarso, 30",https://www.idealista.com/inmueble/95107042/
95732932,Pedro Cabanes,https://www.idealista.com/inmueble/95732932/
95732721,Calle Carrícola,https://www.idealista.com/inmueble/95732721/
95644068,"TAPINERIA, 6",https://www.idealista.com/inmueble/95644068/
95614656,Calle de Salvador Pau s/n,https://www.idealista.com/inmueble/95614656/
94437477,Calle de Xàtiva,https://www.idealista.com/inmueble/94437477/
95517007,Calle Pintor Pascual Capuz,https://www.idealista.com/inmueble/95517007/
94318830,Calle del mar,https://www.idealista.com/inmueble/94318830/
95427818,Calle Arquitecto Alfaro,https://www.idealista.com/inmueble/95427818/
95427410,"Calle de l'Hospital, 22",https://www.idealista.com/inmueble/95427410/
95414951,Paseo de la Alameda,https://www.idealista.com/inmueble/95414951/
95385238,barrio Russafa,https://www.idealista.com/inmueble/95385238/
95166059,Carricola,https://www.idealista.com/inmueble/95166059/
94942347,Calle de Pere Aleixandre,https://www.idealista.com/inmueble/94942347/
93512229,Avenida del Mestre Rodrigo,https://www.idealista.com/inmueble/93512229/
95756312,Av. del Cid,https://www.idealista.com/inmueble/95756312/
95752523,barrio Penya-Roja,https://www.idealista.com/inmueble/95752523/
95741733,Calle Pintor Peiró,https://www.idealista.com/inmueble/95741733/
88608099,Calle Mayor Nazaret,https://www.idealista.com/inmueble/88608099/
95645862,barrio En Corts,https://www.idealista.com/inmueble/95645862/
94198529,Calle del Conde de Montornes,https://www.idealista.com/inmueble/94198529/
95619368,barrio El Cabanyal-El Canyamelar,https://www.idealista.com/inmueble/95619368/
95619143,barrio El Cabanyal-El Canyamelar,https://www.idealista.com/inmueble/95619143/
95587806,Calle d'Ernest Anastasio,https://www.idealista.com/inmueble/95587806/
95587748,Calle ESCULTOR JOSÉ CAPUZ,https://www.idealista.com/inmueble/95587748/
95581635,barrio Benimaclet,https://www.idealista.com/inmueble/95581635/
95568406,"Calle Avellanas, 11",https://www.idealista.com/inmueble/95568406/
95568088,Calle de la Reina,https://www.idealista.com/inmueble/95568088/
95558572,barrio Campanar,https://www.idealista.com/inmueble/95558572/
95512761,barrio El Grau,https://www.idealista.com/inmueble/95512761/
95511499,Gran Via del Marqués del Túria,https://www.idealista.com/inmueble/95511499/
86642069,CIUDAD GRAN TURIA s/n,https://www.idealista.com/inmueble/86642069/
95334480,"CID, 110",https://www.idealista.com/inmueble/95334480/
95285806,"Calle Amador Martínez Rochína, 2",https://www.idealista.com/inmueble/95285806/
95261682,"Calle Santa Genoveva Torres, 2",https://www.idealista.com/inmueble/95261682/
95133031,Calle de l'Hedra,https://www.idealista.com/inmueble/95133031/
83878932,"Los Angeles, 87",https://www.idealista.com/inmueble/83878932/
94674793,Avenida del Puerto,https://www.idealista.com/inmueble/94674793/
94311737,Paseo Sierra Espadán s/n,https://www.idealista.com/inmueble/94311737/
83416192,"Calle Poeta Llombart, 4",https://www.idealista.com/inmueble/83416192/
94155298,"la paz, 16",https://www.idealista.com/inmueble/94155298/
36221589,"Calle del Peu de la Creu, 9",https://www.idealista.com/inmueble/36221589/
35563634,"Pie de la Cruz, 9",https://www.idealista.com/inmueble/35563634/
85567862,Avenida Mare Nostrum,https://www.idealista.com/inmueble/85567862/
81458321,"ARQUITECTO LUCINI, 20",https://www.idealista.com/inmueble/81458321/
95734874,Calle de Sant Jacint,https://www.idealista.com/inmueble/95734874/
95734271,barrio Sant Francesc,https://www.idealista.com/inmueble/95734271/
95723412,La Patacona,https://www.idealista.com/inmueble/95723412/
95722961,barrio Aiora,https://www.idealista.com/inmueble/95722961/
95721825,barrio Sant Llorenç,https://www.idealista.com/inmueble/95721825/
95721517,barrio Ciutat Fallera,https://www.idealista.com/inmueble/95721517/
95720845,barrio Ciutat Fallera,https://www.idealista.com/inmueble/95720845/
95686420,Calle La Olivereta,https://www.idealista.com/inmueble/95686420/
95676355,Calle de la Marina Baixa,https://www.idealista.com/inmueble/95676355/
95660463,santa clara,https://www.idealista.com/inmueble/95660463/
95600342,Calle de Matías Perelló,https://www.idealista.com/inmueble/95600342/
37373014,Calle de la Serra Martés,https://www.idealista.com/inmueble/37373014/
95551486,Santa Clara,https://www.idealista.com/inmueble/95551486/
95465127,barrio Mestalla,https://www.idealista.com/inmueble/95465127/
95429041,Calle Molinell,https://www.idealista.com/inmueble/95429041/
95406765,barrio El Cabanyal-El Canyamelar,https://www.idealista.com/inmueble/95406765/
95371029,Calle Historiador Diago,https://www.idealista.com/inmueble/95371029/
95308715,barrio En Corts,https://www.idealista.com/inmueble/95308715/
95220217,Calle de Santa Genoveva Torres,https://www.idealista.com/inmueble/95220217/
95096672,barrio El Mercat,https://www.idealista.com/inmueble/95096672/
94959175,Calle del Conde de Altea,https://www.idealista.com/inmueble/94959175/
94893436,barrio Playa de la Malvarrosa,https://www.idealista.com/inmueble/94893436/
94686973,barrio El Mercat,https://www.idealista.com/inmueble/94686973/
94605965,barrio La Petxina,https://www.idealista.com/inmueble/94605965/
94310256,barrio Albors,https://www.idealista.com/inmueble/94310256/
93806401,barrio La Seu,https://www.idealista.com/inmueble/93806401/
93203944,Calle Salinas s/n,https://www.idealista.com/inmueble/93203944/
93235118,barrio El Cabanyal-El Canyamelar,https://www.idealista.com/inmueble/93235118/
93209925,barrio El Cabanyal-El Canyamelar,https://www.idealista.com/inmueble/93209925/
93178062,Calle del Pare Lluís Navarro,https://www.idealista.com/inmueble/93178062/
92792991,barrio Les Tendetes,https://www.idealista.com/inmueble/92792991/
95706371,barrio Benimaclet,https://www.idealista.com/inmueble/95706371/
95660051,barrio Exposició,https://www.idealista.com/inmueble/95660051/
95658745,barrio Exposició,https://www.idealista.com/inmueble/95658745/
95653578,Benimàmet,https://www.idealista.com/inmueble/95653578/
95633152,barrio El Cabanyal-El Canyamelar,https://www.idealista.com/inmueble/95633152/
95632848,barrio Penya-Roja,https://www.idealista.com/inmueble/95632848/
95596188,barrio Benimaclet,https://www.idealista.com/inmueble/95596188/
95703586,barrio En Corts,https://www.idealista.com/inmueble/95703586/
93483238,Calle de Salvador Giner,https://www.idealista.com/inmueble/93483238/
87471708,Denia,https://www.idealista.com/inmueble/87471708/
95749908,Avenida Gregorio Gea,https://www.idealista.com/inmueble/95749908/
95733946,Calle los Naranjos,https://www.idealista.com/inmueble/95733946/
95727706,Calle d'Olimpia Arozena Torres,https://www.idealista.com/inmueble/95727706/
95727577,Paseo de l'Albereda,https://www.idealista.com/inmueble/95727577/
95726732,Avenida de la Malva-Rosa,https://www.idealista.com/inmueble/95726732/
95693370,Calle de Carme Crespo,https://www.idealista.com/inmueble/95693370/
92760464,Calle de Xàtiva,https://www.idealista.com/inmueble/92760464/
95632568,Calle de les Illes Canàries,https://www.idealista.com/inmueble/95632568/
92961519,Calle de Josep Benlliure,https://www.idealista.com/inmueble/92961519/
95620449,Avenida d'Amado Granell Mesado,https://www.idealista.com/inmueble/95620449/
95614155,Avenida d'Ausiàs March,https://www.idealista.com/inmueble/95614155/
90114143,Plaza Jaca,https://www.idealista.com/inmueble/90114143/
88190623,"Avenida de França, 55",https://www.idealista.com/inmueble/88190623/
95573014,Calle Explorador Andrés,https://www.idealista.com/inmueble/95573014/
95388603,Calle d'En Colom,https://www.idealista.com/inmueble/95388603/
92027980,Avenida de la Plata,https://www.idealista.com/inmueble/92027980/
95265701,Calle de la Llanterna,https://www.idealista.com/inmueble/95265701/
95171106,Calle de Pedro Cabanes,https://www.idealista.com/inmueble/95171106/
95093890,Calle Santa Genoveva Torres,https://www.idealista.com/inmueble/95093890/
94422420,Calle de Borriana,https://www.idealista.com/inmueble/94422420/
94269304,"Avenida de Peris i Valero, 54",https://www.idealista.com/inmueble/94269304/
94045603,"Avenida Hermanos Maristas, 28",https://www.idealista.com/inmueble/94045603/
93286367,"Calle Padre Huérfanos, 4",https://www.idealista.com/inmueble/93286367/
93132353,"Calle Jorge Juan, 14",https://www.idealista.com/inmueble/93132353/
706709,"Calle Pie de la Cruz, 7",https://www.idealista.com/inmueble/706709/
95721367,Calle blanquerias,https://www.idealista.com/inmueble/95721367/
86971676,Calle Ruaya,https://www.idealista.com/inmueble/86971676/
95672494,Calle de la Democracia,https://www.idealista.com/inmueble/95672494/
95618033,Calle Felipe Vives Cañamás,https://www.idealista.com/inmueble/95618033/
95527170,cuba,https://www.idealista.com/inmueble/95527170/
95489598,Calle de Vicent Sancho Tello,https://www.idealista.com/inmueble/95489598/
93573334,Arquitecto Alfaro,https://www.idealista.com/inmueble/93573334/
95421095,barrio El Carme,https://www.idealista.com/inmueble/95421095/
95338288,Avenida Mare Nostrum,https://www.idealista.com/inmueble/95338288/
25247817,"Calle Viver, 25",https://www.idealista.com/inmueble/25247817/
90114796,Calle dels Jofrens,https://www.idealista.com/inmueble/90114796/
95170324,Calle del Progrés,https://www.idealista.com/inmueble/95170324/
94907698,barrio Nou Moles,https://www.idealista.com/inmueble/94907698/
94504816,barrio Soternes,https://www.idealista.com/inmueble/94504816/
93941708,barrio La Petxina,https://www.idealista.com/inmueble/93941708/
93896864,barrio El Mercat,https://www.idealista.com/inmueble/93896864/
93709904,Calle Conde de Salvatierra,https://www.idealista.com/inmueble/93709904/
87026121,bailen,https://www.idealista.com/inmueble/87026121/
89112698,Calle del Poeta Llombart,https://www.idealista.com/inmueble/89112698/
90560508,Calle Berenguer Montoliu,https://www.idealista.com/inmueble/90560508/
89425470,"Calle San Vicente Martír, 35",https://www.idealista.com/inmueble/89425470/
89131459,barrio Aiora,https://www.idealista.com/inmueble/89131459/
95757600,barrio Trinitat,https://www.idealista.com/inmueble/95757600/
95515265,barrio Gran Vía,https://www.idealista.com/inmueble/95515265/
88817181,barrio La Xerea,https://www.idealista.com/inmueble/88817181/
95711992,barrio Malilla,https://www.idealista.com/inmueble/95711992/
40258916,barrio Arrancapins,https://www.idealista.com/inmueble/40258916/
95627952,barrio Sant Pau,https://www.idealista.com/inmueble/95627952/
95621234,"Calle Editor Manuel Aguilar, El Mercat",https://www.idealista.com/inmueble/95621234/
95603207,Calle de la Reina,https://www.idealista.com/inmueble/95603207/
95593914,Calle de Suīssa,https://www.idealista.com/inmueble/95593914/
95591042,Avenida d'Ausiàs March,https://www.idealista.com/inmueble/95591042/
95590989,Calle de Josep Benlliure,https://www.idealista.com/inmueble/95590989/
95588550,Calle de Carme Crespo,https://www.idealista.com/inmueble/95588550/
95587106,Avenida Ausiás March,https://www.idealista.com/inmueble/95587106/
95570880,barrio El Cabanyal-El Canyamelar,https://www.idealista.com/inmueble/95570880/
92156499,Av. del Cid,https://www.idealista.com/inmueble/92156499/
95543417,BENICARLO,https://www.idealista.com/inmueble/95543417/
91353889,Calle Archena,https://www.idealista.com/inmueble/91353889/
91219135,Calle de la Reina,https://www.idealista.com/inmueble/91219135/
95505317,barrio La Roqueta,https://www.idealista.com/inmueble/95505317/
95474882,Hospital,https://www.idealista.com/inmueble/95474882/
95383665,Calle de Bernat Descoll,https://www.idealista.com/inmueble/95383665/
94861026,Calle del Músic Peydró,https://www.idealista.com/inmueble/94861026/
28046282,Avenida Blasco Ibañez,https://www.idealista.com/inmueble/28046282/
94596787,MARINA ALTA,https://www.idealista.com/inmueble/94596787/
95265996,Calle Rodrigo de Pertegás,https://www.idealista.com/inmueble/95265996/
94092638,Calle del Matemàtico Marzal,https://www.idealista.com/inmueble/94092638/
91110829,Calle Doctor Juan José Dómine,https://www.idealista.com/inmueble/91110829/
82099745,Avenida Novelista Vicente Blasco Ibáñez,https://www.idealista.com/inmueble/82099745/
81568367,Mare Nostrum,https://www.idealista.com/inmueble/81568367/
38440493,Calle de cavite,https://www.idealista.com/inmueble/38440493/
36656937,Avenida Mare Nostrum,https://www.idealista.com/inmueble/36656937/
95744779,Cardenal Benlloch,https://www.idealista.com/inmueble/95744779/
95710132,Avenida de Francia,https://www.idealista.com/inmueble/95710132/
95655381,Calle Micer Mascó s/n,https://www.idealista.com/inmueble/95655381/
95627727,barrio Nou Moles,https://www.idealista.com/inmueble/95627727/
95557909,Calle del Mestre Sosa,https://www.idealista.com/inmueble/95557909/
95556796,"Calle de la Marina Alta, 10",https://www.idealista.com/inmueble/95556796/
92961843,barrio La Vega Baixa,https://www.idealista.com/inmueble/92961843/
95443468,barrio El Cabanyal-El Canyamelar,https://www.idealista.com/inmueble/95443468/
95432631,barrio El Cabanyal-El Canyamelar,https://www.idealista.com/inmueble/95432631/
95394451,barrio Nou Benicalap,https://www.idealista.com/inmueble/95394451/
95290261,barrio El Carme,https://www.idealista.com/inmueble/95290261/
94812528,barrio El Botànic,https://www.idealista.com/inmueble/94812528/
94573122,barrio La Seu,https://www.idealista.com/inmueble/94573122/
93468717,barrio La Roqueta,https://www.idealista.com/inmueble/93468717/
93468716,barrio La Roqueta,https://www.idealista.com/inmueble/93468716/
91690232,barrio El Carme,https://www.idealista.com/inmueble/91690232/
89090584,barrio El Grau,https://www.idealista.com/inmueble/89090584/
95758939,Calle de Pepita,https://www.idealista.com/inmueble/95758939/
95735326,Barracas,https://www.idealista.com/inmueble/95735326/
95098769,Calle del Almirante Cadarso,https://www.idealista.com/inmueble/95098769/
95728176,Calle de l'Hospital,https://www.idealista.com/inmueble/95728176/
95726084,Calle de Don Juan de Austria,https://www.idealista.com/inmueble/95726084/
95689662,"Calle de la Marina, 3",https://www.idealista.com/inmueble/95689662/
95648051,Jativa,https://www.idealista.com/inmueble/95648051/
95600581,barrio Mestalla,https://www.idealista.com/inmueble/95600581/
95597748,Calle de l'Escultor José Capuz,https://www.idealista.com/inmueble/95597748/
38232477,"Calle de ciscar, 27",https://www.idealista.com/inmueble/38232477/
95540304,"Calle Marina Alta, 4",https://www.idealista.com/inmueble/95540304/
88065871,barrio Sant Pau,https://www.idealista.com/inmueble/88065871/
95500504,barrio Sant Pau,https://www.idealista.com/inmueble/95500504/
95499468,Calle de l'Escultor José Capuz,https://www.idealista.com/inmueble/95499468/
95495338,Calle de Platero Suarez,https://www.idealista.com/inmueble/95495338/
95489255,CREU ROJA s/n,https://www.idealista.com/inmueble/95489255/
95483739,Plaza Comunión de San Juan s/n,https://www.idealista.com/inmueble/95483739/
95468836,"Calle de Pelai, 17",https://www.idealista.com/inmueble/95468836/
95264251,"Cartagena, 5",https://www.idealista.com/inmueble/95264251/
85974388,"Vicente Sancho Tello, 19",https://www.idealista.com/inmueble/85974388/
95753079,barrio L'Hort de Senabre,https://www.idealista.com/inmueble/95753079/
95747604,Calle Rodrigo de Pertegás,https://www.idealista.com/inmueble/95747604/
95741707,"Calle Montesa, 9",https://www.idealista.com/inmueble/95741707/
95711138,WAKSMAN,https://www.idealista.com/inmueble/95711138/
95675019,Calle Reverendo R Tramoyeres,https://www.idealista.com/inmueble/95675019/
93676738,"Avenida de las Cortes Valencianas, 26",https://www.idealista.com/inmueble/93676738/
95627453,Calle del Mur de Santa Anna,https://www.idealista.com/inmueble/95627453/
95596138,"Calle Palau, 7",https://www.idealista.com/inmueble/95596138/
95551878,Calle CENTRO COMERCIAL GRAN TURIA,https://www.idealista.com/inmueble/95551878/
95512158,"Calle Palau, 7",https://www.idealista.com/inmueble/95512158/
36568059,"Calle de Ripalda, 32",https://www.idealista.com/inmueble/36568059/
95448538,Calle del Progrés,https://www.idealista.com/inmueble/95448538/
95409350,Calle dels Cavallers,https://www.idealista.com/inmueble/95409350/
94797185,"Calle de la Reina, 83",https://www.idealista.com/inmueble/94797185/
95301029,Calle d'Alzira,https://www.idealista.com/inmueble/95301029/
95288292,Calle del Doctor Lluch,https://www.idealista.com/inmueble/95288292/
91759956,Calle del Pare Lluís Navarro,https://www.idealista.com/inmueble/91759956/
94922416,Paseo Serra d 'Espadá,https://www.idealista.com/inmueble/94922416/
94789232,Avenida de la Malva-Rosa,https://www.idealista.com/inmueble/94789232/
94777934,Calle dels Cavallers,https://www.idealista.com/inmueble/94777934/
94694481,Avenida de la Malva-Rosa,https://www.idealista.com/inmueble/94694481/
94313951,Calle d'Antoni Reig i Ventura,https://www.idealista.com/inmueble/94313951/
94098426,Calle Jorge Juan,https://www.idealista.com/inmueble/94098426/
94050105,Calle de l'Hort de Sant Valeri,https://www.idealista.com/inmueble/94050105/
93304615,Calle Santa Genoveva Torres,https://www.idealista.com/inmueble/93304615/
93176793,Calle del Pare Lluís Navarro,https://www.idealista.com/inmueble/93176793/
92851757,Avenida Mare Nostrum,https://www.idealista.com/inmueble/92851757/
90553030,Calle de Méndez Núñez,https://www.idealista.com/inmueble/90553030/
88278274,Paseo Serra d 'Espadá,https://www.idealista.com/inmueble/88278274/
86742165,Calle Cirilo Amorós,https://www.idealista.com/inmueble/86742165/
86718014,Colón,https://www.idealista.com/inmueble/86718014/
95756131,barrio Mestalla,https://www.idealista.com/inmueble/95756131/
95678223,Avenida de Burjassot,https://www.idealista.com/inmueble/95678223/
95654855,Calle de Balmes,https://www.idealista.com/inmueble/95654855/
95618985,Blasco Ibañez,https://www.idealista.com/inmueble/95618985/
95524120,Avenida de Burjassot,https://www.idealista.com/inmueble/95524120/
92035469,Calle de l'Arquitecte Alfaro,https://www.idealista.com/inmueble/92035469/
95375128,Calle ANTONI REIG I VENTURA,https://www.idealista.com/inmueble/95375128/
95347958,Calle del Cura Planelles,https://www.idealista.com/inmueble/95347958/
95350270,Olimpia Arozena Torres,https://www.idealista.com/inmueble/95350270/
95318700,Calle dels Adreçadors,https://www.idealista.com/inmueble/95318700/
95121293,Calle del Literat Gabriel Miró,https://www.idealista.com/inmueble/95121293/
94836832,Calle Abén al Abbar,https://www.idealista.com/inmueble/94836832/
94554876,Archiduque Carlos,https://www.idealista.com/inmueble/94554876/
94180479,Calle de Pérez Pujol,https://www.idealista.com/inmueble/94180479/
93204538,Calle Calderón de la Barca,https://www.idealista.com/inmueble/93204538/
91610708,Avenida del Cardenal Benlloch,https://www.idealista.com/inmueble/91610708/
95760179,barrio Morvedre,https://www.idealista.com/inmueble/95760179/
95731588,barrio La Vega Baixa,https://www.idealista.com/inmueble/95731588/
95659795,barrio Albors,https://www.idealista.com/inmueble/95659795/
95621182,Calle Pere Cabanes,https://www.idealista.com/inmueble/95621182/
95573398,ALCALDE ALBORS,https://www.idealista.com/inmueble/95573398/
95398892,Calle de Alboraya,https://www.idealista.com/inmueble/95398892/
94415028,Maestro Sosa,https://www.idealista.com/inmueble/94415028/
94323522,Calle Poeta Artola,https://www.idealista.com/inmueble/94323522/
39691931,barrio El Mercat,https://www.idealista.com/inmueble/39691931/
95752823,barrio Morvedre,https://www.idealista.com/inmueble/95752823/
89731792,La Constitución - Canaleta,https://www.idealista.com/inmueble/89731792/
95624997,barrio Mont-Olivet,https://www.idealista.com/inmueble/95624997/
95623515,barrio La Creu del Grau,https://www.idealista.com/inmueble/95623515/
92481976,"Calle Barraca, 163",https://www.idealista.com/inmueble/92481976/
95613072,"Rubén Vela, 74",https://www.idealista.com/inmueble/95613072/
95594411,Calle de Don Juan de Austria,https://www.idealista.com/inmueble/95594411/
95583431,Calle Alfahuir,https://www.idealista.com/inmueble/95583431/
95572805,"Calle Filipinas, 13",https://www.idealista.com/inmueble/95572805/
95546630,barrio Patraix,https://www.idealista.com/inmueble/95546630/
95543630,barrio Nou Campanar,https://www.idealista.com/inmueble/95543630/
95395755,"Calle Escultor Jose Capuz, 3",https://www.idealista.com/inmueble/95395755/
95378060,Calle dels Sants Just i Pastor,https://www.idealista.com/inmueble/95378060/
95695653,Calle Carmen Crespo,https://www.idealista.com/inmueble/95695653/
95695101,GIBRALTAR,https://www.idealista.com/inmueble/95695101/
95619832,barrio La Seu,https://www.idealista.com/inmueble/95619832/
95679327,barrio El Pilar,https://www.idealista.com/inmueble/95679327/
95670950,Calle de l'Hospital,https://www.idealista.com/inmueble/95670950/
83110818,barrio Nou Moles,https://www.idealista.com/inmueble/83110818/
95665702,País Valenciá,https://www.idealista.com/inmueble/95665702/
95653848,Calle de Conchita Piquer,https://www.idealista.com/inmueble/95653848/
95648810,Calle Brasil,https://www.idealista.com/inmueble/95648810/
95648365,Calle de Berni y Català,https://www.idealista.com/inmueble/95648365/
95616617,"Pechina, 66",https://www.idealista.com/inmueble/95616617/
95557795,Calle Salvador Giner,https://www.idealista.com/inmueble/95557795/
95498873,Calle la Guardia Civil,https://www.idealista.com/inmueble/95498873/
95437324,"Avenida de Francia, 55",https://www.idealista.com/inmueble/95437324/
95431375,barrio La Llum,https://www.idealista.com/inmueble/95431375/
95428178,Calle de l'Hospital,https://www.idealista.com/inmueble/95428178/
37293507,"Calle del mar, 5",https://www.idealista.com/inmueble/37293507/
95382420,"Calle Escultor José Capuz, 10",https://www.idealista.com/inmueble/95382420/
86289934,Calle de Don Juan de Austria,https://www.idealista.com/inmueble/86289934/
95214462,Calle del Triador,https://www.idealista.com/inmueble/95214462/
95200218,barrio En Corts,https://www.idealista.com/inmueble/95200218/
39431179,barrio Mestalla,https://www.idealista.com/inmueble/39431179/
95168852,Calle del Doctor Gil i Morte,https://www.idealista.com/inmueble/95168852/
94963074,barrio Vara de Quart,https://www.idealista.com/inmueble/94963074/
85139820,"Calle de las Monjas de Santa Catalina, Valencia s/n Valencia",https://www.idealista.com/inmueble/85139820/
83755688,"Calle Rosario, 10",https://www.idealista.com/inmueble/83755688/
94177536,"Calle de Esteban Ballester, 12",https://www.idealista.com/inmueble/94177536/
95698509,OLIMPIA AROCENA TORRES,https://www.idealista.com/inmueble/95698509/
95698476,Santa Genoveva Torres,https://www.idealista.com/inmueble/95698476/
91396256,Calle de Don Juan de Austria,https://www.idealista.com/inmueble/91396256/
95693940,Avenida MALVARROSA,https://www.idealista.com/inmueble/95693940/
88445939,Calle de la Reina,https://www.idealista.com/inmueble/88445939/
95630345,Calle Pintor Orrente,https://www.idealista.com/inmueble/95630345/
34356677,Calle de fontanars dels alforins,https://www.idealista.com/inmueble/34356677/
95544188,Calle columbretes,https://www.idealista.com/inmueble/95544188/
95467058,Malvarrosa,https://www.idealista.com/inmueble/95467058/
83217236,"Calle Barraca, Valencia, 1",https://www.idealista.com/inmueble/83217236/
95225120,"Calle Eixarchs, 20",https://www.idealista.com/inmueble/95225120/
95223952,"Calle Santa Genoveva Torres, 2",https://www.idealista.com/inmueble/95223952/
91364521,"Calle d'En Llopis, 2",https://www.idealista.com/inmueble/91364521/
95098355,"Mediterrani, 17",https://www.idealista.com/inmueble/95098355/
95087455,barrio Campanar,https://www.idealista.com/inmueble/95087455/
83879204,"Calle Barraca, Valencia, 67",https://www.idealista.com/inmueble/83879204/
94380167,"peris y valero, 90",https://www.idealista.com/inmueble/94380167/
87768803,"Calle de San Rafael, 34",https://www.idealista.com/inmueble/87768803/
93258720,"Calle Mendizábal, 31",https://www.idealista.com/inmueble/93258720/
30858719,"Avenida de Pérez Galdós, 77",https://www.idealista.com/inmueble/30858719/
88845136,"AV. DEL PUERTO, 231",https://www.idealista.com/inmueble/88845136/
95753685,barrio Sant Pau,https://www.idealista.com/inmueble/95753685/
95740872,ARQUITECTO ARNAU,https://www.idealista.com/inmueble/95740872/
34305287,Calle d'astúries,https://www.idealista.com/inmueble/34305287/
95653759,reina,https://www.idealista.com/inmueble/95653759/
95640253,Calle de Vicent Sancho Tello,https://www.idealista.com/inmueble/95640253/
95615771,Calle de Pedro Cabanes,https://www.idealista.com/inmueble/95615771/
95613736,Calle de Matías Perelló,https://www.idealista.com/inmueble/95613736/
95592803,Zona Aragón s/n,https://www.idealista.com/inmueble/95592803/
89423896,Paseo ALAMEDA,https://www.idealista.com/inmueble/89423896/
95538457,Calle de la Marina Baixa,https://www.idealista.com/inmueble/95538457/
88838103,Calle de Tramoyeres,https://www.idealista.com/inmueble/88838103/
95518289,hospital,https://www.idealista.com/inmueble/95518289/
95517827,"Calle Santa Genoveva Torres, 2",https://www.idealista.com/inmueble/95517827/
90502608,Calle de Xulilla,https://www.idealista.com/inmueble/90502608/
95407958,Calle Antonio Ponz,https://www.idealista.com/inmueble/95407958/
95343949,barrio El Mercat,https://www.idealista.com/inmueble/95343949/
95114770,Calle Antonio Ponz,https://www.idealista.com/inmueble/95114770/
95082959,Avenida del Port,https://www.idealista.com/inmueble/95082959/
94918617,Avenida del Primado Reig,https://www.idealista.com/inmueble/94918617/
94810445,Calle Don Juan de Austria,https://www.idealista.com/inmueble/94810445/
94153848,Calle del Pintor Maella,https://www.idealista.com/inmueble/94153848/
35545532,barrio Sant Francesc,https://www.idealista.com/inmueble/35545532/
33851575,barrio Ciutat de les Arts i de les Ciencies,https://www.idealista.com/inmueble/33851575/
95757387,Calle de Rodrigo de Pertegás,https://www.idealista.com/inmueble/95757387/
95756037,Avenida del Puerto,https://www.idealista.com/inmueble/95756037/
95750606,barrio Morvedre,https://www.idealista.com/inmueble/95750606/
94271065,barrio Russafa,https://www.idealista.com/inmueble/94271065/
95735124,barrio Torrefiel,https://www.idealista.com/inmueble/95735124/
95728924,barrio Malilla,https://www.idealista.com/inmueble/95728924/
95717896,barrio Russafa,https://www.idealista.com/inmueble/95717896/
95702179,barrio La Petxina,https://www.idealista.com/inmueble/95702179/
95693949,"Calle de Higinio Noja, 25",https://www.idealista.com/inmueble/95693949/
95661203,barrio Exposició,https://www.idealista.com/inmueble/95661203/
95660905,barrio El Cabanyal-El Canyamelar,https://www.idealista.com/inmueble/95660905/
95659615,barrio Penya-Roja,https://www.idealista.com/inmueble/95659615/
95583614,barrio Safranar,https://www.idealista.com/inmueble/95583614/
95600674,barrio En Corts,https://www.idealista.com/inmueble/95600674/
95600669,barrio El Cabanyal-El Canyamelar,https://www.idealista.com/inmueble/95600669/
95600524,barrio Sant Pau,https://www.idealista.com/inmueble/95600524/
95600405,barrio Fonteta de Sant Lluìs,https://www.idealista.com/inmueble/95600405/
95599826,barrio Benimaclet,https://www.idealista.com/inmueble/95599826/
95597797,barrio Malilla,https://www.idealista.com/inmueble/95597797/
95564979,barrio Playa de la Malvarrosa,https://www.idealista.com/inmueble/95564979/
95564773,barrio Penya-Roja,https://www.idealista.com/inmueble/95564773/
95542276,barrio Sant Antoni,https://www.idealista.com/inmueble/95542276/
95527710,barrio Mont-Olivet,https://www.idealista.com/inmueble/95527710/
95514579,barrio Sant Antoni,https://www.idealista.com/inmueble/95514579/
95511446,Musico peydro,https://www.idealista.com/inmueble/95511446/
95054431,barrio Beteró,https://www.idealista.com/inmueble/95054431/
83826654,barrio Sant Francesc,https://www.idealista.com/inmueble/83826654/
90996686,barrio Sant Francesc,https://www.idealista.com/inmueble/90996686/
95756034,LUIS OLIAG,https://www.idealista.com/inmueble/95756034/
95756451,blanquearías,https://www.idealista.com/inmueble/95756451/
95749780,barrio Morvedre,https://www.idealista.com/inmueble/95749780/
95730251,Calle Bisbe Albalat,https://www.idealista.com/inmueble/95730251/
92394097,Gran Vía del Marqués del Turia,https://www.idealista.com/inmueble/92394097/
95720462,barrio Trinitat,https://www.idealista.com/inmueble/95720462/
95065195,Calle de l'Arxiduc Carles,https://www.idealista.com/inmueble/95065195/
95556996,barrio Sant Francesc,https://www.idealista.com/inmueble/95556996/
95541130,barrio El Cabanyal-El Canyamelar,https://www.idealista.com/inmueble/95541130/
95499377,Los Juzgados,https://www.idealista.com/inmueble/95499377/
789418,barrio Sant Llorenç,https://www.idealista.com/inmueble/789418/
95277861,barrio El Pla del Remei,https://www.idealista.com/inmueble/95277861/
95258788,Avenida arocena torres s/n,https://www.idealista.com/inmueble/95258788/
84147943,"Barraca, 266",https://www.idealista.com/inmueble/84147943/
85469593,Calle Acequia Cadena,https://www.idealista.com/inmueble/85469593/
26898170,"Calle Almas, 5",https://www.idealista.com/inmueble/26898170/
92221641,Calle Reverendo José Pinazo,https://www.idealista.com/inmueble/92221641/
37593815,Avenida Mare Nostrum,https://www.idealista.com/inmueble/37593815/
84053387,barrio La Petxina,https://www.idealista.com/inmueble/84053387/
95590327,barrio Malilla,https://www.idealista.com/inmueble/95590327/
95589987,Calle de la Reina,https://www.idealista.com/inmueble/95589987/
86441796,GUILLEM DE CASTRO,https://www.idealista.com/inmueble/86441796/
95450799,Cardenal Benlloch,https://www.idealista.com/inmueble/95450799/
95304264,cardenall benlloch,https://www.idealista.com/inmueble/95304264/
95289740,Olimpia Arozena Torres,https://www.idealista.com/inmueble/95289740/
91587605,"Calle de la Visitación, 3",https://www.idealista.com/inmueble/91587605/
95225073,"Calle Eixarchs, 20",https://www.idealista.com/inmueble/95225073/
95166323,barrio Mont-Olivet,https://www.idealista.com/inmueble/95166323/
90884155,"Obispos San Jerónimo, 5",https://www.idealista.com/inmueble/90884155/
39088244,barrio Benicalap,https://www.idealista.com/inmueble/39088244/
94937768,barrio L'Hort de Senabre,https://www.idealista.com/inmueble/94937768/
94843297,barrio Malilla,https://www.idealista.com/inmueble/94843297/
94535685,Calle de Sueca,https://www.idealista.com/inmueble/94535685/
93738244,"Calle El Santo Caliz, 1",https://www.idealista.com/inmueble/93738244/
92893033,Calle de Mossèn Femades,https://www.idealista.com/inmueble/92893033/
92097360,"Calle Doctor Lluch, 199",https://www.idealista.com/inmueble/92097360/
91774613,"C/Salvador, 7",https://www.idealista.com/inmueble/91774613/
91693198,"Avenida de Peris i Valero, 99",https://www.idealista.com/inmueble/91693198/
91278658,"Avenida Tres Forques, 8",https://www.idealista.com/inmueble/91278658/
95674539,Calle Buen Orden,https://www.idealista.com/inmueble/95674539/
95641955,Olimpia Arozena Torres,https://www.idealista.com/inmueble/95641955/
95634723,Calle Islas Canarias,https://www.idealista.com/inmueble/95634723/
37635062,Gran Via del Marqués del Túria,https://www.idealista.com/inmueble/37635062/
95601964,Calle del Padre Esteban Pernet,https://www.idealista.com/inmueble/95601964/
95572587,Pintor Maella,https://www.idealista.com/inmueble/95572587/
95556839,padre esteban pernet,https://www.idealista.com/inmueble/95556839/
95514598,Avenida de la Malvarrosa,https://www.idealista.com/inmueble/95514598/
95512047,Av.Cortes Valencianas,https://www.idealista.com/inmueble/95512047/
91223569,"Calle de la Reina, Cabanyal",https://www.idealista.com/inmueble/91223569/
95468210,Calle doctor lluch,https://www.idealista.com/inmueble/95468210/
95468159,Calle Doctor Lluch,https://www.idealista.com/inmueble/95468159/
95316492,Calle Rector Zaragoza,https://www.idealista.com/inmueble/95316492/
95193755,Calle de la Serrania,https://www.idealista.com/inmueble/95193755/
90114798,Calle dels Jofrens,https://www.idealista.com/inmueble/90114798/
95097256,Calle de Baix,https://www.idealista.com/inmueble/95097256/
94926442,barrio Benimaclet,https://www.idealista.com/inmueble/94926442/
89258673,Calle del Doctor Lluch,https://www.idealista.com/inmueble/89258673/
89630218,Calle del Doctor Lluch,https://www.idealista.com/inmueble/89630218/
86224343,"Calle Balmes, 21",https://www.idealista.com/inmueble/86224343/
91135911,Calle del Periodista Gil Sumbiela,https://www.idealista.com/inmueble/91135911/
95659724,barrio El Pilar,https://www.idealista.com/inmueble/95659724/
95655093,Calle del Mar,https://www.idealista.com/inmueble/95655093/
95605631,Plaza Clara Campoamor,https://www.idealista.com/inmueble/95605631/
95581022,Benimàmet,https://www.idealista.com/inmueble/95581022/
95581011,Calle de Vicent Sancho Tello,https://www.idealista.com/inmueble/95581011/
95567636,"Calle Creu Roja, 1",https://www.idealista.com/inmueble/95567636/
88814052,juan verdeguer s/n,https://www.idealista.com/inmueble/88814052/
95553657,barrio Trinitat,https://www.idealista.com/inmueble/95553657/
38166412,Avenida del Cid,https://www.idealista.com/inmueble/38166412/
95511345,Calle de na Jordana,https://www.idealista.com/inmueble/95511345/
95475115,Calle Escultor José Capuz,https://www.idealista.com/inmueble/95475115/
95469966,Calle del Historiador Sanchis Sivera,https://www.idealista.com/inmueble/95469966/
95450746,Olimpia Arozena Torres,https://www.idealista.com/inmueble/95450746/
95343951,olimpia arozena torres,https://www.idealista.com/inmueble/95343951/
95337064,Calle del Rincón de Ademuz,https://www.idealista.com/inmueble/95337064/
95289384,"Calle Creu Roja, 1",https://www.idealista.com/inmueble/95289384/
95166048,Calle Carrícola,https://www.idealista.com/inmueble/95166048/
95016720,Calle Santander,https://www.idealista.com/inmueble/95016720/
94919729,Calle Santa Genoveva Torres,https://www.idealista.com/inmueble/94919729/
94442430,Calle de Josep Benlliure,https://www.idealista.com/inmueble/94442430/
92694137,Calle del Almirante Cadarso,https://www.idealista.com/inmueble/92694137/
92088811,Mare Nostrum,https://www.idealista.com/inmueble/92088811/
86499441,Calle de Salvà,https://www.idealista.com/inmueble/86499441/
86189856,Calle de l'Impressor Lambert Palmart,https://www.idealista.com/inmueble/86189856/
95752159,"Calle Pepita, Morvedre, Saidia",https://www.idealista.com/inmueble/95752159/
95736688,Calle San Juan Bosco,https://www.idealista.com/inmueble/95736688/
95698594,"Calle Pare Rico, 16",https://www.idealista.com/inmueble/95698594/
95622461,"Calle De OLIMPIA AROCENA TORRES, 2",https://www.idealista.com/inmueble/95622461/
35031166,Calle de l'alcalde albors,https://www.idealista.com/inmueble/35031166/
95732836,Calle de Pedro Cabanes,https://www.idealista.com/inmueble/95732836/
95730978,Calle del Marqués de Montortal,https://www.idealista.com/inmueble/95730978/
95728888,Avenida de las Cortes Valencianas,https://www.idealista.com/inmueble/95728888/
95728060,Paseo Serra d 'Espadá,https://www.idealista.com/inmueble/95728060/
95727892,barrio Barrio de Favara,https://www.idealista.com/inmueble/95727892/
95725786,"Calle Peris Celda, 13",https://www.idealista.com/inmueble/95725786/
95724488,barrio El Grau,https://www.idealista.com/inmueble/95724488/
95722025,Calle de Matias Perelló,https://www.idealista.com/inmueble/95722025/
95720031,"Calle CARRICOLA, 7",https://www.idealista.com/inmueble/95720031/
95718490,"Calle de Calatrava, 3",https://www.idealista.com/inmueble/95718490/
95710428,pedro cabanes,https://www.idealista.com/inmueble/95710428/
95706903,Calle Andarella,https://www.idealista.com/inmueble/95706903/
95703193,barrio Benimaclet,https://www.idealista.com/inmueble/95703193/
95702707,barrio El Mercat,https://www.idealista.com/inmueble/95702707/
95702413,Calle Carrícola,https://www.idealista.com/inmueble/95702413/
95105202,Calle Padre Luis Navarro,https://www.idealista.com/inmueble/95105202/
94938078,Paseo Serra d 'Espadá,https://www.idealista.com/inmueble/94938078/
34295275,"doctor berenguer ferrer, 2",https://www.idealista.com/inmueble/34295275/
87495590,Calle Mendoza,https://www.idealista.com/inmueble/87495590/
95105178,Calle del Progreso,https://www.idealista.com/inmueble/95105178/
95105168,Calle Padre Luis Navarro,https://www.idealista.com/inmueble/95105168/
91820125,"Estrella, 20  ",https://www.idealista.com/inmueble/91820125/
93929757,"Avenida Maestro Rodrigo, 41",https://www.idealista.com/inmueble/93929757/
92521930,Calle de la Pau,https://www.idealista.com/inmueble/92521930/
95501277,Blasco Ibañez,https://www.idealista.com/inmueble/95501277/
95425609,barrio Soternes,https://www.idealista.com/inmueble/95425609/
95235861,Calle Santa Genoveva Torres,https://www.idealista.com/inmueble/95235861/
95235298,Calle Santa Genoveva Torres,https://www.idealista.com/inmueble/95235298/
94758490,MAESTRO GOZALBO s/n,https://www.idealista.com/inmueble/94758490/
95730965,Calle de Cadis,https://www.idealista.com/inmueble/95730965/
94595637,Calle dels Vivons,https://www.idealista.com/inmueble/94595637/
95718567,Calle de Castelló,https://www.idealista.com/inmueble/95718567/
89301605,Avenida Mare Nostrum,https://www.idealista.com/inmueble/89301605/
88146295,Avenida Vicente Blasco Ibáñez Novelista,https://www.idealista.com/inmueble/88146295/
95644198,Calle de Rodrigo de Pertegás,https://www.idealista.com/inmueble/95644198/
95601674,"Calle Músico Martínez Coll, 1",https://www.idealista.com/inmueble/95601674/
95542571,Calle de Sant Ignasi de Loiola,https://www.idealista.com/inmueble/95542571/
30340613,Calle de l'Explorador Andrés,https://www.idealista.com/inmueble/30340613/
95753959,Calle de Sant Ignasi de Loiola,https://www.idealista.com/inmueble/95753959/
95736075,Calle Sueca,https://www.idealista.com/inmueble/95736075/
95724464,Calle de Tramoyeres,https://www.idealista.com/inmueble/95724464/
94873995,Calle Colón,https://www.idealista.com/inmueble/94873995/
94856277,Calle San Vicente Martir,https://www.idealista.com/inmueble/94856277/
94808346,Calle del Músic Peydró,https://www.idealista.com/inmueble/94808346/
94444939,Calle de la Pau,https://www.idealista.com/inmueble/94444939/
95568819,"Calle Doctor Domagk, 3",https://www.idealista.com/inmueble/95568819/
95663587,"Calle Santa Genoveva Torres, 21",https://www.idealista.com/inmueble/95663587/
95724972,Avenida de Peris i Valero,https://www.idealista.com/inmueble/95724972/
95709887,barrio El Pla del Remei,https://www.idealista.com/inmueble/95709887/
90142221,barrio Gran Vía,https://www.idealista.com/inmueble/90142221/
95566027,"Calle Olimpia alocena torres, 2",https://www.idealista.com/inmueble/95566027/
95421127,barrio Penya-Roja,https://www.idealista.com/inmueble/95421127/
95420725,barrio Penya-Roja,https://www.idealista.com/inmueble/95420725/
95431484,barrio Sant Francesc,https://www.idealista.com/inmueble/95431484/
95368443,barrio Russafa,https://www.idealista.com/inmueble/95368443/
95303322,barrio Nou Moles,https://www.idealista.com/inmueble/95303322/
95232626,barrio Nou Moles,https://www.idealista.com/inmueble/95232626/
95230531,barrio Benimaclet,https://www.idealista.com/inmueble/95230531/
95221161,barrio Benimaclet,https://www.idealista.com/inmueble/95221161/
30739402,barrio Arrancapins,https://www.idealista.com/inmueble/30739402/
95154500,barrio Benimaclet,https://www.idealista.com/inmueble/95154500/
95096759,barrio Sant Llorenç,https://www.idealista.com/inmueble/95096759/
95096708,barrio Penya-Roja,https://www.idealista.com/inmueble/95096708/
94922415,barrio Nou Campanar,https://www.idealista.com/inmueble/94922415/
94761288,barrio El Pla del Remei,https://www.idealista.com/inmueble/94761288/
94584666,barrio El Carme,https://www.idealista.com/inmueble/94584666/
94220786,barrio El Carme,https://www.idealista.com/inmueble/94220786/
92786553,barrio El Pilar,https://www.idealista.com/inmueble/92786553/
81888074,danzas,https://www.idealista.com/inmueble/81888074/
95753185,Calle del Vinalopó,https://www.idealista.com/inmueble/95753185/
91236759,Calle de Játiva,https://www.idealista.com/inmueble/91236759/
95621015,barrio Exposició,https://www.idealista.com/inmueble/95621015/
95585901,"Avenida Ausiás March, En Corts",https://www.idealista.com/inmueble/95585901/
95544268,barrio Mestalla,https://www.idealista.com/inmueble/95544268/
95500031,barrio El Cabanyal-El Canyamelar,https://www.idealista.com/inmueble/95500031/
95499204,barrio El Cabanyal-El Canyamelar,https://www.idealista.com/inmueble/95499204/
94063849,Calle Hermanos Villalonga s/n,https://www.idealista.com/inmueble/94063849/
91693117,"Avenida de Peris i Valero, 99",https://www.idealista.com/inmueble/91693117/
91542898,"Avenida de Peris i Valero, 99",https://www.idealista.com/inmueble/91542898/
91169549,barrio El Grau,https://www.idealista.com/inmueble/91169549/
95649036,Calle de La Marina,https://www.idealista.com/inmueble/95649036/
95628248,Calle Río Segre,https://www.idealista.com/inmueble/95628248/
95563867,Plaza de Nou Moles,https://www.idealista.com/inmueble/95563867/
95561057,Calle de la salut,https://www.idealista.com/inmueble/95561057/
89233453,Calle del Cabrit,https://www.idealista.com/inmueble/89233453/
89752608,Calle dels Columbretes,https://www.idealista.com/inmueble/89752608/
95312772,barrio Sant Francesc,https://www.idealista.com/inmueble/95312772/
92377411,Calle EMILIO MARÍ,https://www.idealista.com/inmueble/92377411/
88726587,Calle de María Cristina,https://www.idealista.com/inmueble/88726587/
95344902,BEATO JUAN GRANDE,https://www.idealista.com/inmueble/95344902/
89678060,Conquista,https://www.idealista.com/inmueble/89678060/
95697594,Calle San Juan Bosco,https://www.idealista.com/inmueble/95697594/
95691061,Calle de Gibraltar,https://www.idealista.com/inmueble/95691061/
95657819,Calle d'Eugènia Viñes,https://www.idealista.com/inmueble/95657819/
95620983,Calle de Pedro Cabanes,https://www.idealista.com/inmueble/95620983/
95485513,Calle de Vicent Sancho Tello,https://www.idealista.com/inmueble/95485513/
95470561,Calle Santa Genoveva Torres,https://www.idealista.com/inmueble/95470561/
95467270,barrio El Mercat,https://www.idealista.com/inmueble/95467270/
95389681,Calle Escultor José Capuz s/n,https://www.idealista.com/inmueble/95389681/
95302071,Calle d'Antoni Reig i Ventura,https://www.idealista.com/inmueble/95302071/
95290481,Calle Carrícola,https://www.idealista.com/inmueble/95290481/
92484110,Calle Linterna,https://www.idealista.com/inmueble/92484110/
95273800,Calle Danzas,https://www.idealista.com/inmueble/95273800/
95377254,Calle Carteros,https://www.idealista.com/inmueble/95377254/
94936531,Calle Giménez y Costa,https://www.idealista.com/inmueble/94936531/
94278441,Calle Marqués de Zenete,https://www.idealista.com/inmueble/94278441/
94368422,Calle dels Plàtans,https://www.idealista.com/inmueble/94368422/
94171453,Calle Salamanca,https://www.idealista.com/inmueble/94171453/
93060022,dr. gil y morte,https://www.idealista.com/inmueble/93060022/
91757251,Avenida del Cardenal Benlloch,https://www.idealista.com/inmueble/91757251/
95710885,SAN PANCRACIO,https://www.idealista.com/inmueble/95710885/
95689617,Calle d'Olimpia Arozena Torres,https://www.idealista.com/inmueble/95689617/
95648040,arxiduc cares,https://www.idealista.com/inmueble/95648040/
93742634,Calle de Pere Cabanes,https://www.idealista.com/inmueble/93742634/
95599614,Avenida d'Ausiàs March,https://www.idealista.com/inmueble/95599614/
95499975,Calle de Sant Vicent de Paül,https://www.idealista.com/inmueble/95499975/
95456971,barrio El Carme,https://www.idealista.com/inmueble/95456971/
95404179,Paseo Alameda,https://www.idealista.com/inmueble/95404179/
95398423,barrio El Grau,https://www.idealista.com/inmueble/95398423/
95277577,SANTA GENOVEVA,https://www.idealista.com/inmueble/95277577/
86766354,Plaza Regino Mas,https://www.idealista.com/inmueble/86766354/
87118786,Calle Doctor Gil y Morte,https://www.idealista.com/inmueble/87118786/
95211070,Calle de Tramoyeres,https://www.idealista.com/inmueble/95211070/
94768131,barrio El Carme,https://www.idealista.com/inmueble/94768131/
93574727,Calle de Bailèn,https://www.idealista.com/inmueble/93574727/
89877684,Calle de Xàtiva,https://www.idealista.com/inmueble/89877684/
89415567,Avenida de Jesús Morante Borrás,https://www.idealista.com/inmueble/89415567/
95735611,barrio Nou Moles,https://www.idealista.com/inmueble/95735611/
95617927,barrio Torrefiel,https://www.idealista.com/inmueble/95617927/
95717198,barrio La Petxina,https://www.idealista.com/inmueble/95717198/
95717211,barrio Trinitat,https://www.idealista.com/inmueble/95717211/
95705803,barrio Patraix,https://www.idealista.com/inmueble/95705803/
95705802,barrio Sant Francesc,https://www.idealista.com/inmueble/95705802/
95671743,Plaza Cisneros s/n,https://www.idealista.com/inmueble/95671743/
95653676,barrio Exposició,https://www.idealista.com/inmueble/95653676/
95653364,barrio Exposició,https://www.idealista.com/inmueble/95653364/
95624988,barrio L'Amistat,https://www.idealista.com/inmueble/95624988/
95590332,barrio En Corts,https://www.idealista.com/inmueble/95590332/
95590314,barrio Russafa,https://www.idealista.com/inmueble/95590314/
1555884,barrio Torrefiel,https://www.idealista.com/inmueble/1555884/
95430075,"Calle del Doctor Carlos Caballé Lancry, 9",https://www.idealista.com/inmueble/95430075/
95318646,"Calle Cardenal Benlloch, 37",https://www.idealista.com/inmueble/95318646/
95215458,barrio La Roqueta,https://www.idealista.com/inmueble/95215458/
94582188,barrio El Mercat,https://www.idealista.com/inmueble/94582188/
95676638,barrio L'Illa Perduda,https://www.idealista.com/inmueble/95676638/
95674660,barrio Penya-Roja,https://www.idealista.com/inmueble/95674660/
95539870,barrio La Roqueta,https://www.idealista.com/inmueble/95539870/
85535370,La Constitución - Canaleta,https://www.idealista.com/inmueble/85535370/
95636293,barrio La Creu del Grau,https://www.idealista.com/inmueble/95636293/
95524837,barrio La Raiosa,https://www.idealista.com/inmueble/95524837/
95172859,barrio Nou Moles,https://www.idealista.com/inmueble/95172859/
95227676,Calle Salamanca,https://www.idealista.com/inmueble/95227676/
95216058,Calle Salamanca,https://www.idealista.com/inmueble/95216058/
95038923,Calle d'Antella,https://www.idealista.com/inmueble/95038923/
93694504,Salamanca,https://www.idealista.com/inmueble/93694504/
84116101,bailen,https://www.idealista.com/inmueble/84116101/
87250277,Calle Convento Jerusalén,https://www.idealista.com/inmueble/87250277/
39749681,barrio Sant Francesc,https://www.idealista.com/inmueble/39749681/
92198861,Cardenal Benlloch,https://www.idealista.com/inmueble/92198861/
95739518,barrio Aiora,https://www.idealista.com/inmueble/95739518/
95695727,barrio La Raiosa,https://www.idealista.com/inmueble/95695727/
32067482,"Calle de vicent sancho tello, 19",https://www.idealista.com/inmueble/32067482/
95416139,barrio Tormos,https://www.idealista.com/inmueble/95416139/
95375922,Plaza de Nou Moles,https://www.idealista.com/inmueble/95375922/
95336764,barrio Sant Francesc,https://www.idealista.com/inmueble/95336764/
95242977,CAMPOAMOR,https://www.idealista.com/inmueble/95242977/
95214822,Calle de Baldoví,https://www.idealista.com/inmueble/95214822/
39689938,jaime beltran,https://www.idealista.com/inmueble/39689938/
95659301,barrio El Cabanyal-El Canyamelar,https://www.idealista.com/inmueble/95659301/
95648103,"MARINA, 13",https://www.idealista.com/inmueble/95648103/
95577964,barrio En Corts,https://www.idealista.com/inmueble/95577964/
95538561,barrio El Carme,https://www.idealista.com/inmueble/95538561/
95492023,"Plaza del Carmen, 11",https://www.idealista.com/inmueble/95492023/
95350630,Calle MUSICO PEYDRO s/n,https://www.idealista.com/inmueble/95350630/
94751381,Calle d'Olimpia Arozena Torres,https://www.idealista.com/inmueble/94751381/
94750802,Calle de Carrícola,https://www.idealista.com/inmueble/94750802/
95668655,barrio El Cabanyal-El Canyamelar,https://www.idealista.com/inmueble/95668655/
95667998,barrio Torrefiel,https://www.idealista.com/inmueble/95667998/
95650856,Barrio de la Luz,https://www.idealista.com/inmueble/95650856/
95642494,barrio La Creu del Grau,https://www.idealista.com/inmueble/95642494/
95612192,barrio Playa de la Malvarrosa,https://www.idealista.com/inmueble/95612192/
95597129,barrio El Cabanyal-El Canyamelar,https://www.idealista.com/inmueble/95597129/
95594894,barrio El Mercat,https://www.idealista.com/inmueble/95594894/
92005225,barrio La Petxina,https://www.idealista.com/inmueble/92005225/
95582628,barrio Russafa,https://www.idealista.com/inmueble/95582628/
95577971,barrio Marxalenes,https://www.idealista.com/inmueble/95577971/
95555739,barrio Russafa,https://www.idealista.com/inmueble/95555739/
95334799,Calle Fuente Podrida s/n,https://www.idealista.com/inmueble/95334799/
91572798,barrio Beteró,https://www.idealista.com/inmueble/91572798/
95294221,barrio Benicalap,https://www.idealista.com/inmueble/95294221/
92788575,"Calle de la Reina, 28",https://www.idealista.com/inmueble/92788575/
95174077,barrio Tormos,https://www.idealista.com/inmueble/95174077/
95100600,barrio Gran Vía,https://www.idealista.com/inmueble/95100600/
95691212,Calle de Juan Verdeguer,https://www.idealista.com/inmueble/95691212/
95689102,Calle Carrícola,https://www.idealista.com/inmueble/95689102/
95671085,Calle Molinell,https://www.idealista.com/inmueble/95671085/
95655386,Calle de Fontanars dels Alforins,https://www.idealista.com/inmueble/95655386/
95647185,Calle de Pedro Cabanes,https://www.idealista.com/inmueble/95647185/
95646549,barrio Arrancapins,https://www.idealista.com/inmueble/95646549/
95613768,Calle Fray Pedro Vives,https://www.idealista.com/inmueble/95613768/
89366112,barrio Patraix,https://www.idealista.com/inmueble/89366112/
95570399,OLIMPIA AZUCENA TORRES,https://www.idealista.com/inmueble/95570399/
95512164,Avenida Peris y Valero,https://www.idealista.com/inmueble/95512164/
95502537,Calle BLASCO IBAÑEZ,https://www.idealista.com/inmueble/95502537/
95278471,barrio La Raiosa,https://www.idealista.com/inmueble/95278471/
89390533,Calle de la Reina,https://www.idealista.com/inmueble/89390533/
87446846,barrio Nou Moles,https://www.idealista.com/inmueble/87446846/
92325417,barrio L'Hort de Senabre,https://www.idealista.com/inmueble/92325417/
95640803,barrio Barrio de Favara,https://www.idealista.com/inmueble/95640803/
95679745,barrio La Creu del Grau,https://www.idealista.com/inmueble/95679745/
95665559,barrio Nou Moles,https://www.idealista.com/inmueble/95665559/
95739851,barrio La Llum,https://www.idealista.com/inmueble/95739851/
92484035,barrio Patraix,https://www.idealista.com/inmueble/92484035/
95706753,barrio L'Amistat,https://www.idealista.com/inmueble/95706753/
95706610,País Valenciá,https://www.idealista.com/inmueble/95706610/
95704331,barrio Torrefiel,https://www.idealista.com/inmueble/95704331/
92758990,barrio Morvedre,https://www.idealista.com/inmueble/92758990/
95443599,Calle Marqués de Montortal,https://www.idealista.com/inmueble/95443599/
95319559,Calle dels Soguers,https://www.idealista.com/inmueble/95319559/
95703944,Barrio de la Luz,https://www.idealista.com/inmueble/95703944/
95603122,San Ramón y Monte de Piedad,https://www.idealista.com/inmueble/95603122/
95695266,Paseo ALAMEDA,https://www.idealista.com/inmueble/95695266/
95664613,País Valenciá,https://www.idealista.com/inmueble/95664613/
95625190,barrio Benicalap,https://www.idealista.com/inmueble/95625190/
95559145,barrio Els Orriols,https://www.idealista.com/inmueble/95559145/
92472772,barrio El Mercat,https://www.idealista.com/inmueble/92472772/
90750801,Paseo de la Alameda s/n,https://www.idealista.com/inmueble/90750801/
95307652,barrio Benicalap,https://www.idealista.com/inmueble/95307652/
95294226,barrio Nou Moles,https://www.idealista.com/inmueble/95294226/
92377031,barrio Benicalap,https://www.idealista.com/inmueble/92377031/
92038933,"Calle de Colón, 17",https://www.idealista.com/inmueble/92038933/
85506065,"Plaza del Miracle del Mocadoret, 5",https://www.idealista.com/inmueble/85506065/
95697691,barrio Nou Moles,https://www.idealista.com/inmueble/95697691/
95684106,Calle d'Olimpia Arozena Torres,https://www.idealista.com/inmueble/95684106/
95180937,"Calle Santa Genoveva Torres, Alfahuir",https://www.idealista.com/inmueble/95180937/
95615940,barrio Patraix,https://www.idealista.com/inmueble/95615940/
95606452,BRASIL,https://www.idealista.com/inmueble/95606452/
95559961,PADRE ESTEBAN PERNET,https://www.idealista.com/inmueble/95559961/
95198643,barrio Sant Llorenç,https://www.idealista.com/inmueble/95198643/
94972047,barrio Soternes,https://www.idealista.com/inmueble/94972047/
94207118,Cardenal Benlloch,https://www.idealista.com/inmueble/94207118/
93983331,barrio La Roqueta,https://www.idealista.com/inmueble/93983331/
27659210,"Calle Conde Salvatierra, 5",https://www.idealista.com/inmueble/27659210/
33323977,barrio Aiora,https://www.idealista.com/inmueble/33323977/
95721162,barrio Nou Moles,https://www.idealista.com/inmueble/95721162/
95720554,barrio Malilla,https://www.idealista.com/inmueble/95720554/
95620063,barrio El Mercat,https://www.idealista.com/inmueble/95620063/
95589106,barrio Sant Llorenç,https://www.idealista.com/inmueble/95589106/
95587358,barrio La Creu Coberta,https://www.idealista.com/inmueble/95587358/
95484137,Calle d'Alfred Toran i Olmos,https://www.idealista.com/inmueble/95484137/
95404354,Calle de Sant Valero,https://www.idealista.com/inmueble/95404354/
95401233,Salvador Giner,https://www.idealista.com/inmueble/95401233/
92427117,Calle Doctor Jaime Segarra,https://www.idealista.com/inmueble/92427117/
91527547,Avenida Escultor Miquel Navarro Navarro,https://www.idealista.com/inmueble/91527547/
94779563,Avenida de la Malva-Rosa,https://www.idealista.com/inmueble/94779563/
84854034,"Calle Doctor Manuel Candela, Valencia",https://www.idealista.com/inmueble/84854034/
93662471,Avenida del Port,https://www.idealista.com/inmueble/93662471/
90879026,Avenida Doctor Peset Aleixandre,https://www.idealista.com/inmueble/90879026/
93236162,Plaza Conde de Carlet,https://www.idealista.com/inmueble/93236162/
91073764,barrio Gran Vía,https://www.idealista.com/inmueble/91073764/
88021299,Avenida Blasco Ibáñez,https://www.idealista.com/inmueble/88021299/
40047678,barrio Sant Francesc,https://www.idealista.com/inmueble/40047678/
91283517,"Calle Maximiliano Thous, 23",https://www.idealista.com/inmueble/91283517/
94313960,barrio Nou Campanar,https://www.idealista.com/inmueble/94313960/
90704182,barrio La Seu,https://www.idealista.com/inmueble/90704182/
86498576,"Calle del Salvador, 5",https://www.idealista.com/inmueble/86498576/
95481091,Beatriz Tortosa,https://www.idealista.com/inmueble/95481091/
95261297,barrio Albors,https://www.idealista.com/inmueble/95261297/
95196772,Calle Padre Viñas,https://www.idealista.com/inmueble/95196772/
95694117,"Calle Carrícola, 7-2",https://www.idealista.com/inmueble/95694117/
95689722,Calle de Don Juan de Austria,https://www.idealista.com/inmueble/95689722/
86991268,Calle Jaime Beltrán,https://www.idealista.com/inmueble/86991268/
95616911,barrio Penya-Roja,https://www.idealista.com/inmueble/95616911/
95582859,barrio El Mercat,https://www.idealista.com/inmueble/95582859/
95569433,barrio La Llum,https://www.idealista.com/inmueble/95569433/
95527408,Calle de Exarchs,https://www.idealista.com/inmueble/95527408/
95519062,Calle del Padre Esteban Pernet,https://www.idealista.com/inmueble/95519062/
95388486,Calle del Rincón de Ademuz,https://www.idealista.com/inmueble/95388486/
95199443,Calle DE CARRICOLA,https://www.idealista.com/inmueble/95199443/
95135663,Olimpia Arozena Torres,https://www.idealista.com/inmueble/95135663/
95093194,Gil y Morte,https://www.idealista.com/inmueble/95093194/
95015462,barrio El Mercat,https://www.idealista.com/inmueble/95015462/
95015431,barrio La Xerea,https://www.idealista.com/inmueble/95015431/
94828177,FERNANDO SASTRE,https://www.idealista.com/inmueble/94828177/
92780060,Padre Anton Martin,https://www.idealista.com/inmueble/92780060/
92519072,Calle de San Jose de Calasanz,https://www.idealista.com/inmueble/92519072/
91027303,Poeta césar simon,https://www.idealista.com/inmueble/91027303/
90762550,MENDIZABAL,https://www.idealista.com/inmueble/90762550/
1143240,Calle Convento de Jerusalén,https://www.idealista.com/inmueble/1143240/
95169398,barrio La Roqueta,https://www.idealista.com/inmueble/95169398/
91676810,San Vicente Martir,https://www.idealista.com/inmueble/91676810/
39211576,Calle de Xiva,https://www.idealista.com/inmueble/39211576/
95407522,San Vicente,https://www.idealista.com/inmueble/95407522/
92848706,barrio Ciutat de les Arts i de les Ciencies,https://www.idealista.com/inmueble/92848706/
95109844,barrio Nou Moles,https://www.idealista.com/inmueble/95109844/
95672746,barrio Aiora,https://www.idealista.com/inmueble/95672746/
95665671,La Constitución - Canaleta,https://www.idealista.com/inmueble/95665671/
88078928,barrio Malilla,https://www.idealista.com/inmueble/88078928/
95640195,barrio L'Amistat,https://www.idealista.com/inmueble/95640195/
95639968,barrio Els Orriols,https://www.idealista.com/inmueble/95639968/
93263673,barrio Russafa,https://www.idealista.com/inmueble/93263673/
95172865,barrio Nou Moles,https://www.idealista.com/inmueble/95172865/
86824323,barrio Playa de la Malvarrosa,https://www.idealista.com/inmueble/86824323/
94239585,"Avenida del Puerto, Mestalla",https://www.idealista.com/inmueble/94239585/
92101193,Carretera Escrivà,https://www.idealista.com/inmueble/92101193/
95680003,barrio Playa de la Malvarrosa,https://www.idealista.com/inmueble/95680003/
95608373,"Calle d'Ausiàs March, 25",https://www.idealista.com/inmueble/95608373/
95553397,barrio Penya-Roja,https://www.idealista.com/inmueble/95553397/
95553541,barrio La Creu Coberta,https://www.idealista.com/inmueble/95553541/
95647504,barrio Nou Moles,https://www.idealista.com/inmueble/95647504/
95646801,barrio Els Orriols,https://www.idealista.com/inmueble/95646801/
95613580,barrio La Seu,https://www.idealista.com/inmueble/95613580/
90494996,barrio Mont-Olivet,https://www.idealista.com/inmueble/90494996/
95581689,barrio La Petxina,https://www.idealista.com/inmueble/95581689/
95531142,barrio Benicalap,https://www.idealista.com/inmueble/95531142/
88431938,barrio El Pilar,https://www.idealista.com/inmueble/88431938/
91877929,barrio Na Rovella,https://www.idealista.com/inmueble/91877929/
87294908,barrio Arrancapins,https://www.idealista.com/inmueble/87294908/
95689572,barrio Arrancapins,https://www.idealista.com/inmueble/95689572/
95689457,barrio Gran Vía,https://www.idealista.com/inmueble/95689457/
87855198,barrio La Roqueta,https://www.idealista.com/inmueble/87855198/
95403400,barrio Sant Isidre,https://www.idealista.com/inmueble/95403400/
95339108,barrio Russafa,https://www.idealista.com/inmueble/95339108/
90081493,barrio Russafa,https://www.idealista.com/inmueble/90081493/
94688735,barrio Barrio de Favara,https://www.idealista.com/inmueble/94688735/
94516134,La Torre,https://www.idealista.com/inmueble/94516134/
93577010,barrio La Creu del Grau,https://www.idealista.com/inmueble/93577010/
93394281,barrio Torrefiel,https://www.idealista.com/inmueble/93394281/
38298198,barrio Playa de la Malvarrosa,https://www.idealista.com/inmueble/38298198/
89743565,barrio Nou Moles,https://www.idealista.com/inmueble/89743565/
95597396,barrio Aiora,https://www.idealista.com/inmueble/95597396/
95133844,"Calle Maximiliano Thous, 23",https://www.idealista.com/inmueble/95133844/
95575616,barrio La Carrasca,https://www.idealista.com/inmueble/95575616/
92035885,La Torre,https://www.idealista.com/inmueble/92035885/
95616679,barrio Trinitat,https://www.idealista.com/inmueble/95616679/
95421818,barrio Sant Marcellí,https://www.idealista.com/inmueble/95421818/
83958004,barrio Benicalap,https://www.idealista.com/inmueble/83958004/
95403027,barrio Nou Moles,https://www.idealista.com/inmueble/95403027/
95243601,barrio Torrefiel,https://www.idealista.com/inmueble/95243601/
94220986,barrio Tormos,https://www.idealista.com/inmueble/94220986/
95211091,barrio Exposició,https://www.idealista.com/inmueble/95211091/
95159940,barrio El Calvari,https://www.idealista.com/inmueble/95159940/
95000667,barrio La Creu Coberta,https://www.idealista.com/inmueble/95000667/
94842988,La Torre,https://www.idealista.com/inmueble/94842988/
87596330,Benimàmet,https://www.idealista.com/inmueble/87596330/
94596939,barrio Nou Moles,https://www.idealista.com/inmueble/94596939/
91533658,barrio El Calvari,https://www.idealista.com/inmueble/91533658/
94374788,barrio El Calvari,https://www.idealista.com/inmueble/94374788/
25917835,barrio La Roqueta,https://www.idealista.com/inmueble/25917835/
84531745,Benimàmet,https://www.idealista.com/inmueble/84531745/
90937118,barrio Aiora,https://www.idealista.com/inmueble/90937118/
93744544,Benimàmet,https://www.idealista.com/inmueble/93744544/
92231910,barrio Natzaret,https://www.idealista.com/inmueble/92231910/
86355240,barrio La Roqueta,https://www.idealista.com/inmueble/86355240/
89878966,barrio La Seu,https://www.idealista.com/inmueble/89878966/
95368050,barrio Sant Pau,https://www.idealista.com/inmueble/95368050/
95312268,Pueblo Nuevo/Poble Nou,https://www.idealista.com/inmueble/95312268/
92219488,Avenida de la Paz,https://www.idealista.com/inmueble/92219488/
94396615,barrio La Petxina,https://www.idealista.com/inmueble/94396615/
92686769,barrio En Corts,https://www.idealista.com/inmueble/92686769/
95722093,Cardenal Benlloch,https://www.idealista.com/inmueble/95722093/
87121222,Calle Castellvins,https://www.idealista.com/inmueble/87121222/
95244598,Calle Conde de Torrefiel,https://www.idealista.com/inmueble/95244598/
95634834,barrio Natzaret,https://www.idealista.com/inmueble/95634834/
95639698,barrio Albors,https://www.idealista.com/inmueble/95639698/
95594401,barrio Benimaclet,https://www.idealista.com/inmueble/95594401/
95402002,La Torre,https://www.idealista.com/inmueble/95402002/
94904467,La Torre,https://www.idealista.com/inmueble/94904467/
87604045,barrio Arrancapins,https://www.idealista.com/inmueble/87604045/
82613523,barrio Arrancapins,https://www.idealista.com/inmueble/82613523/
94152005,El Castell,https://www.idealista.com/inmueble/94152005/
94037248,barrio L'Hort de Senabre,https://www.idealista.com/inmueble/94037248/
92533233,barrio Barrio de Favara,https://www.idealista.com/inmueble/92533233/
90047304,barrio Sant Francesc,https://www.idealista.com/inmueble/90047304/
88420389,barrio Russafa,https://www.idealista.com/inmueble/88420389/
82991318,"SANTOS JUSTO Y PASTOR, 43",https://www.idealista.com/inmueble/82991318/
88179480,Sierra Espadan,https://www.idealista.com/inmueble/88179480/
95665105,barrio Tres Forques,https://www.idealista.com/inmueble/95665105/
95654808,La Patacona,https://www.idealista.com/inmueble/95654808/
95633384,barrio El Carme,https://www.idealista.com/inmueble/95633384/
95499426,barrio Sant Marcellí,https://www.idealista.com/inmueble/95499426/
91154956,"Paseo Sierra de Espadán, 6",https://www.idealista.com/inmueble/91154956/
94052788,"Calle de l'Actor Mauri, 1",https://www.idealista.com/inmueble/94052788/
40527695,Avenida Mare Nostrum,https://www.idealista.com/inmueble/40527695/
83859164,"Calle Perfecte, 11",https://www.idealista.com/inmueble/83859164/
95618049,Calle de la Corona,https://www.idealista.com/inmueble/95618049/
95505945,Calle del Pare Viñas,https://www.idealista.com/inmueble/95505945/
95745988,Calle d'Aldaia,https://www.idealista.com/inmueble/95745988/
91897845,Calle de l'Erudit Pagès,https://www.idealista.com/inmueble/91897845/
34050597,Calle de guillem de castro,https://www.idealista.com/inmueble/34050597/
95761524,"Calle de l'Arxiduc Carles, 55",https://www.idealista.com/inmueble/95761524/
95751810,Calle Pepe Alba,https://www.idealista.com/inmueble/95751810/
95750892,islas canarias,https://www.idealista.com/inmueble/95750892/
95718158,Calle de la Marina Alta,https://www.idealista.com/inmueble/95718158/
95739376,Calle Asilo Infancia,https://www.idealista.com/inmueble/95739376/
95736078,Calle dels Àngels,https://www.idealista.com/inmueble/95736078/
95427928,barrio La Petxina,https://www.idealista.com/inmueble/95427928/
95277225,barrio El Cabanyal-El Canyamelar,https://www.idealista.com/inmueble/95277225/
95277187,barrio El Carme,https://www.idealista.com/inmueble/95277187/
95152110,barrio Nou Campanar,https://www.idealista.com/inmueble/95152110/
94685003,barrio Ciutat de les Arts i de les Ciencies,https://www.idealista.com/inmueble/94685003/
93665550,barrio La Seu,https://www.idealista.com/inmueble/93665550/
93429621,barrio El Botànic,https://www.idealista.com/inmueble/93429621/
92569870,barrio La Roqueta,https://www.idealista.com/inmueble/92569870/
92559152,barrio La Roqueta,https://www.idealista.com/inmueble/92559152/
92524565,barrio La Roqueta,https://www.idealista.com/inmueble/92524565/
92521503,barrio La Roqueta,https://www.idealista.com/inmueble/92521503/
92521502,barrio La Roqueta,https://www.idealista.com/inmueble/92521502/
91498472,barrio En Corts,https://www.idealista.com/inmueble/91498472/
90325278,barrio La Seu,https://www.idealista.com/inmueble/90325278/
95736213,"Calle Maestro Sosa, 10",https://www.idealista.com/inmueble/95736213/
95684969,Plaza del Miracle del Mocadoret,https://www.idealista.com/inmueble/95684969/
95602068,"Paseo de l'Albereda, 65",https://www.idealista.com/inmueble/95602068/
95584110,"JOSE CHABAS BORDEHORE, 3",https://www.idealista.com/inmueble/95584110/
95433789,convento Jerusalén,https://www.idealista.com/inmueble/95433789/
94959222,"Calle de Marvà, 27",https://www.idealista.com/inmueble/94959222/
94436248,Paseo Serra d 'Espadá,https://www.idealista.com/inmueble/94436248/
93200542,Avenida Vicente Blasco Ibáñez Novelista,https://www.idealista.com/inmueble/93200542/
39129069,Avenida Mare Nostrum,https://www.idealista.com/inmueble/39129069/
91207197,Paseo Serra d 'Espadá,https://www.idealista.com/inmueble/91207197/
89294149,Paseo Serra d 'Espadá,https://www.idealista.com/inmueble/89294149/
89146971,Avenida Mare Nostrum,https://www.idealista.com/inmueble/89146971/
88151116,Avenida Vicente Blasco Ibáñez Novelista,https://www.idealista.com/inmueble/88151116/
88149735,Avenida Vicente Blasco Ibáñez Novelista,https://www.idealista.com/inmueble/88149735/
95740252,"Avenida de Burjassot, Valencia s/n",https://www.idealista.com/inmueble/95740252/
81132350,Avenida Vicente Blasco Ibáñez Novelista,https://www.idealista.com/inmueble/81132350/
94837276,Paseo Alameda,https://www.idealista.com/inmueble/94837276/
88658172,Vicente Raga,https://www.idealista.com/inmueble/88658172/
84536620,"Calle Francisco Moreno Usedo, Valencia",https://www.idealista.com/inmueble/84536620/
94460381,Calle del Pintor Maella,https://www.idealista.com/inmueble/94460381/
95617690,Calle del Pintor Maella,https://www.idealista.com/inmueble/95617690/
95610662,Calle Escultor José Capuz,https://www.idealista.com/inmueble/95610662/
95583999,Calle de Cadis,https://www.idealista.com/inmueble/95583999/
95486266,Calle d'Escalante,https://www.idealista.com/inmueble/95486266/
95751580,barrio Sant Pau,https://www.idealista.com/inmueble/95751580/
95754405,Calle del Doctor Manuel Candela,https://www.idealista.com/inmueble/95754405/
95310016,Calle Convento Jerusalén,https://www.idealista.com/inmueble/95310016/
95726085,"Calle Carrícola, 9",https://www.idealista.com/inmueble/95726085/
95705376,"Calle Arzobispo Mayoral, 7",https://www.idealista.com/inmueble/95705376/
84352094,"Calle Padre Luis Navarro, Valencia, 31",https://www.idealista.com/inmueble/84352094/
95599276,Plaza de la Reina s/n,https://www.idealista.com/inmueble/95599276/
95587846,"Calle Creu Roja, 1",https://www.idealista.com/inmueble/95587846/
95216188,Calle de Benimuslem,https://www.idealista.com/inmueble/95216188/
92893680,Calle de Játiva,https://www.idealista.com/inmueble/92893680/
95728547,"Plaza de la Reina, 3",https://www.idealista.com/inmueble/95728547/
95718919,Avenida del Primat Reig,https://www.idealista.com/inmueble/95718919/
95712576,"Calle Pintor Peiró, 9",https://www.idealista.com/inmueble/95712576/
30582993,Avenida de les Balears,https://www.idealista.com/inmueble/30582993/
95642289,Baleares,https://www.idealista.com/inmueble/95642289/
39533665,"Calle d'alemanya, 9",https://www.idealista.com/inmueble/39533665/
92139150,San Ramón y Monte de Piedad,https://www.idealista.com/inmueble/92139150/
95295643,Plaza de Joan de Vila-rasa,https://www.idealista.com/inmueble/95295643/
95211354,"Calle de las Comedias, 5",https://www.idealista.com/inmueble/95211354/
85743675,Calle de Federico Alcácer Aguilar,https://www.idealista.com/inmueble/85743675/
95106491,"Jesus, 56",https://www.idealista.com/inmueble/95106491/
95116036,Plaza OBISPO AMIGO,https://www.idealista.com/inmueble/95116036/
94829287,Calle Escultor José Capuz,https://www.idealista.com/inmueble/94829287/
94812083,Calle del Palleter,https://www.idealista.com/inmueble/94812083/
94715697,Calle del Poeta Josep Cervera i Grífol,https://www.idealista.com/inmueble/94715697/
94750930,Calle del Verger,https://www.idealista.com/inmueble/94750930/
94598247,Calle de Cirilo Amorós,https://www.idealista.com/inmueble/94598247/
94468760,Calle de la Estameñeria Vieja,https://www.idealista.com/inmueble/94468760/
85319307,barrio Russafa,https://www.idealista.com/inmueble/85319307/
91921281,"Avenida de las Cortes Valencianas, 45",https://www.idealista.com/inmueble/91921281/
91551571,barrio Sant Francesc,https://www.idealista.com/inmueble/91551571/
38440476,Calle de Vicente la Roda,https://www.idealista.com/inmueble/38440476/
85847017,Calle de Carolina Álvarez,https://www.idealista.com/inmueble/85847017/
95561475,barrio Mestalla,https://www.idealista.com/inmueble/95561475/
95498111,Calle de Bernabé Garcia,https://www.idealista.com/inmueble/95498111/
91630702,"Avenida Mare Nostrum, 38",https://www.idealista.com/inmueble/91630702/
91238818,Blasco Ibáñez,https://www.idealista.com/inmueble/91238818/
95188126,Calle del Literat Azorín,https://www.idealista.com/inmueble/95188126/
94416967,Calle de Guillem de Castro,https://www.idealista.com/inmueble/94416967/
95755363,"Calle Periodista Badía, 6",https://www.idealista.com/inmueble/95755363/
95706953,"Calle del Padre Esteban Pernet, 22",https://www.idealista.com/inmueble/95706953/
95501010,"Calle de Méndez Núñez, 53",https://www.idealista.com/inmueble/95501010/
39711876,Avenida Mare Nostrum,https://www.idealista.com/inmueble/39711876/
95710259,Avenida de Joan XXIII,https://www.idealista.com/inmueble/95710259/
89338358,"jurats, 35",https://www.idealista.com/inmueble/89338358/
95762426,"Calle del Mestre Sosa, 31",https://www.idealista.com/inmueble/95762426/
95761518,"Calle de Pere Aleixandre, 60",https://www.idealista.com/inmueble/95761518/
95734355,Avenida de Jesús Morante Borrás,https://www.idealista.com/inmueble/95734355/
85686264,"Avenida del Camí Nou, 116",https://www.idealista.com/inmueble/85686264/
95666725,Calle de Manuel Melià i Fuster,https://www.idealista.com/inmueble/95666725/
94757195,Avenida de Sant Josep Artesà,https://www.idealista.com/inmueble/94757195/
95604434,Calle de Molina de Segura,https://www.idealista.com/inmueble/95604434/
95548349,Calle del Coronel Montesinos,https://www.idealista.com/inmueble/95548349/
93723866,Calle de Castelló,https://www.idealista.com/inmueble/93723866/
95423152,Calle de Fontanars dels Alforins,https://www.idealista.com/inmueble/95423152/
95283865,Tomás de Villarroya,https://www.idealista.com/inmueble/95283865/
95253265,"Avenida de Francia, 159",https://www.idealista.com/inmueble/95253265/
95225106,"Calle eixarchs, 20",https://www.idealista.com/inmueble/95225106/
89141754,quart,https://www.idealista.com/inmueble/89141754/
95662123,Avenida de Burjassot,https://www.idealista.com/inmueble/95662123/
95759556,Gran Via de Ferran el Catòlic,https://www.idealista.com/inmueble/95759556/
95751108,barrio El Cabanyal-El Canyamelar,https://www.idealista.com/inmueble/95751108/
95712867,Calle Ministro Luis Mayans,https://www.idealista.com/inmueble/95712867/
95707828,barrio El Grau,https://www.idealista.com/inmueble/95707828/
95689545,Calle Andarella,https://www.idealista.com/inmueble/95689545/
95685524,"Calle del Pont de les Drassanes, 22",https://www.idealista.com/inmueble/95685524/
81867487,Republica Argentina,https://www.idealista.com/inmueble/81867487/
95607839,Plaza Colegio Patriarca,https://www.idealista.com/inmueble/95607839/
95385757,barrio El Pla del Remei,https://www.idealista.com/inmueble/95385757/
95260490,barrio Sant Francesc,https://www.idealista.com/inmueble/95260490/
94822120,barrio Russafa,https://www.idealista.com/inmueble/94822120/
91714132,La Patacona,https://www.idealista.com/inmueble/91714132/
91541504,barrio El Mercat,https://www.idealista.com/inmueble/91541504/
91496279,barrio El Mercat,https://www.idealista.com/inmueble/91496279/
91479973,barrio El Mercat,https://www.idealista.com/inmueble/91479973/
91455482,barrio El Mercat,https://www.idealista.com/inmueble/91455482/
91090589,barrio Sant Francesc,https://www.idealista.com/inmueble/91090589/
89097406,barrio Aiora,https://www.idealista.com/inmueble/89097406/
88918792,barrio L'Amistat,https://www.idealista.com/inmueble/88918792/
85320130,barrio Sant Francesc,https://www.idealista.com/inmueble/85320130/
95696646,barrio El Botànic,https://www.idealista.com/inmueble/95696646/
95659463,barrio Sant Pau,https://www.idealista.com/inmueble/95659463/
95619212,barrio Safranar,https://www.idealista.com/inmueble/95619212/
83354430,barrio El Pla del Remei,https://www.idealista.com/inmueble/83354430/
95573229,barrio Sant Pau,https://www.idealista.com/inmueble/95573229/
95754313,Calle de Salvador Giner,https://www.idealista.com/inmueble/95754313/
95753427,Plaza del Miracle del Mocadoret,https://www.idealista.com/inmueble/95753427/
90908340,Calle de Maluquer s/n,https://www.idealista.com/inmueble/90908340/
84032606,Avenida Mare Nostrum,https://www.idealista.com/inmueble/84032606/
87800630,Avenida Mare Nostrum,https://www.idealista.com/inmueble/87800630/
38440526,Avenida Mare Nostrum,https://www.idealista.com/inmueble/38440526/
86183682,Paseo Serra d 'Espadá,https://www.idealista.com/inmueble/86183682/
82084176,Avenida Vicente Blasco Ibáñez Novelista,https://www.idealista.com/inmueble/82084176/
38675185,Paseo Serra d 'Espadá,https://www.idealista.com/inmueble/38675185/
95725144,Calle Juan José Sister,https://www.idealista.com/inmueble/95725144/
95706407,"perez galdos, 7",https://www.idealista.com/inmueble/95706407/
95648047,Calle de la Nau,https://www.idealista.com/inmueble/95648047/
95640121,Calle de Cadis,https://www.idealista.com/inmueble/95640121/
91254837,Paseo de l'Albereda,https://www.idealista.com/inmueble/91254837/
85943640,"Carrer dels Carnissers, 6",https://www.idealista.com/inmueble/85943640/
95619325,"Peris y Valero, 105",https://www.idealista.com/inmueble/95619325/
93741208,"Calle Marina Alta, 6",https://www.idealista.com/inmueble/93741208/
81903840,"Avenida Maestro Rodrigo, Valencia s/n",https://www.idealista.com/inmueble/81903840/
86821012,"Calle de L'Illa Cabrera, 82",https://www.idealista.com/inmueble/86821012/
95244012,Calle de la Serratella,https://www.idealista.com/inmueble/95244012/
94947039,"Calle dels Jurats, 31",https://www.idealista.com/inmueble/94947039/
95740192,Calle Peris Celda,https://www.idealista.com/inmueble/95740192/
95722100,ANTONIO PONZ,https://www.idealista.com/inmueble/95722100/
95439429,Calle de Sant Marcel·lí,https://www.idealista.com/inmueble/95439429/
95426099,Calle dels Plàtans,https://www.idealista.com/inmueble/95426099/
95426098,Calle de Josep Barberà Falcó,https://www.idealista.com/inmueble/95426098/
95426094,Calle de la Floresta,https://www.idealista.com/inmueble/95426094/
95426068,Calle dels Sants Just i Pastor,https://www.idealista.com/inmueble/95426068/
95399144,Calle de Méndez Núñez,https://www.idealista.com/inmueble/95399144/
92176323,Calle de Benicàssim,https://www.idealista.com/inmueble/92176323/
88166168,Calle de Sant Jacint Castanyeda,https://www.idealista.com/inmueble/88166168/
95294043,Calle el Fielat,https://www.idealista.com/inmueble/95294043/
94605689,Calle de la Reina,https://www.idealista.com/inmueble/94605689/
95220775,Calle de l'Arquitecte Ribes,https://www.idealista.com/inmueble/95220775/
95173906,Calle de l'Agró,https://www.idealista.com/inmueble/95173906/
95149043,Calle del Lugre,https://www.idealista.com/inmueble/95149043/
95058116,Calle Andreu Alfaro,https://www.idealista.com/inmueble/95058116/
95015619,Calle Rio Cenia,https://www.idealista.com/inmueble/95015619/
94938636,Calle de Alquerías de les Bellver,https://www.idealista.com/inmueble/94938636/
94911170,Calle del Duc de Mandas,https://www.idealista.com/inmueble/94911170/
94826766,Calle de Sant Pius X,https://www.idealista.com/inmueble/94826766/
93512228,Avenida del Mestre Rodrigo,https://www.idealista.com/inmueble/93512228/
93512206,Avenida del Mestre Rodrigo,https://www.idealista.com/inmueble/93512206/
94616782,Calle de l'Erudit Orellana,https://www.idealista.com/inmueble/94616782/
94459805,Calle de Carrícola,https://www.idealista.com/inmueble/94459805/
94129521,Calle de Manuel Melià i Fuster,https://www.idealista.com/inmueble/94129521/
94101806,Calle de Godofred Ros,https://www.idealista.com/inmueble/94101806/
95261689,Avenida de Burjassot,https://www.idealista.com/inmueble/95261689/
93414300,Calle de Salvador Giner,https://www.idealista.com/inmueble/93414300/
93068807,"Calle Turia, 63",https://www.idealista.com/inmueble/93068807/
93068699,"Calle Turia, 63",https://www.idealista.com/inmueble/93068699/
92738968,"Ernesto Che Guevara, 24",https://www.idealista.com/inmueble/92738968/
89710149,"Calle Huertos, 4",https://www.idealista.com/inmueble/89710149/
89707000,"Calle Huertos, 4",https://www.idealista.com/inmueble/89707000/
89706317,"Calle Huertos, 4",https://www.idealista.com/inmueble/89706317/
89705355,"Calle Huertos, 4",https://www.idealista.com/inmueble/89705355/
88425744,"Calle Huertos, 4",https://www.idealista.com/inmueble/88425744/
88425561,"Calle Huertos, 4",https://www.idealista.com/inmueble/88425561/
38025150,"Calle Ernesto Che Guevara, 24",https://www.idealista.com/inmueble/38025150/
84116278,"Bailén, 2",https://www.idealista.com/inmueble/84116278/
36038982,"Calle Ernesto Che Guevara, 24",https://www.idealista.com/inmueble/36038982/
93111022,"Calle Ignacio Hernandez Hervas, 5",https://www.idealista.com/obra-nueva/93111022/
89056905,Calle del Padre Urbano,https://www.idealista.com/inmueble/89056905/
28563137,Calle Carlos Cervera,https://www.idealista.com/inmueble/28563137/
89980102,Calle de Vicent Lladró Sena,https://www.idealista.com/inmueble/89980102/
88618780,Calle de La Marina Baja s/n,https://www.idealista.com/inmueble/88618780/
95730064,Camino Moncada,https://www.idealista.com/inmueble/95730064/
91895518,Calle del Triador,https://www.idealista.com/inmueble/91895518/
95706062,Calle Uruguai,https://www.idealista.com/inmueble/95706062/
95703884,Calle Domingo Gómez,https://www.idealista.com/inmueble/95703884/
91830583,Gran Via del Marqués del Túria,https://www.idealista.com/inmueble/91830583/
91336053,Calle Rascaña,https://www.idealista.com/inmueble/91336053/
82556790,barrio Penya-Roja,https://www.idealista.com/inmueble/82556790/
84290259,Mare Nostrum,https://www.idealista.com/inmueble/84290259/
34909131,"Pie de la cruz, 9",https://www.idealista.com/inmueble/34909131/
95754233,barrio Benimaclet,https://www.idealista.com/inmueble/95754233/
95742530,barrio Malilla,https://www.idealista.com/inmueble/95742530/
95738756,barrio El Botànic,https://www.idealista.com/inmueble/95738756/
95734527,"Calle dels Sornells, 30",https://www.idealista.com/inmueble/95734527/
95724185,barrio Safranar,https://www.idealista.com/inmueble/95724185/
95724033,barrio Beteró,https://www.idealista.com/inmueble/95724033/
95722194,barrio El Cabanyal-El Canyamelar,https://www.idealista.com/inmueble/95722194/
95573089,Calle Gibraltar,https://www.idealista.com/inmueble/95573089/
95540646,Calle Benicarló,https://www.idealista.com/inmueble/95540646/
95463465,barrio El Mercat,https://www.idealista.com/inmueble/95463465/
94952253,barrio El Carme,https://www.idealista.com/inmueble/94952253/
94853816,Barrio de la Luz,https://www.idealista.com/inmueble/94853816/
94804810,barrio Ciutat de les Arts i de les Ciencies,https://www.idealista.com/inmueble/94804810/
94124780,barrio El Cabanyal-El Canyamelar,https://www.idealista.com/inmueble/94124780/
93682762,barrio El Carme,https://www.idealista.com/inmueble/93682762/
93394869,barrio El Mercat,https://www.idealista.com/inmueble/93394869/
93385526,barrio El Mercat,https://www.idealista.com/inmueble/93385526/
92227951,barrio La Seu,https://www.idealista.com/inmueble/92227951/
91009334,barrio Sant Francesc,https://www.idealista.com/inmueble/91009334/
92070668,barrio El Mercat,https://www.idealista.com/inmueble/92070668/
90491648,Benimàmet,https://www.idealista.com/inmueble/90491648/
90491639,barrio El Mercat,https://www.idealista.com/inmueble/90491639/
90490512,Benimàmet,https://www.idealista.com/inmueble/90490512/
90368221,barrio La Petxina,https://www.idealista.com/inmueble/90368221/
90323746,barrio La Petxina,https://www.idealista.com/inmueble/90323746/
89938334,barrio El Grau,https://www.idealista.com/inmueble/89938334/
89096789,barrio La Seu,https://www.idealista.com/inmueble/89096789/
88497367,barrio El Mercat,https://www.idealista.com/inmueble/88497367/
85319686,barrio El Mercat,https://www.idealista.com/inmueble/85319686/
95739668,"lepanto, 29",https://www.idealista.com/inmueble/95739668/
95688189,Calle Pintor Peiró s/n,https://www.idealista.com/inmueble/95688189/
95652778,"Calle de Maria Fernanda d´Ocon, 5",https://www.idealista.com/inmueble/95652778/
95589192,"Calle Abén al Abbar, 8",https://www.idealista.com/inmueble/95589192/
95542158,Avenida del Port,https://www.idealista.com/inmueble/95542158/
95483055,"Mare Nostrum, 7",https://www.idealista.com/inmueble/95483055/
95754483,Calle del Portal de Valldigna,https://www.idealista.com/inmueble/95754483/
95751757,"Plaza de la Virgen, 3",https://www.idealista.com/inmueble/95751757/
95748299,Avenida MALVARROSA,https://www.idealista.com/inmueble/95748299/
95739297,Calle de la Creu Roja,https://www.idealista.com/inmueble/95739297/
95732672,Calle Andarella,https://www.idealista.com/inmueble/95732672/
95690403,"JUAN ALFONSO GIL ALBORS, 1",https://www.idealista.com/inmueble/95690403/
95687795,Calle San Juan de la Peña,https://www.idealista.com/inmueble/95687795/
95643395,"Garcilaso, 3",https://www.idealista.com/inmueble/95643395/
95600245,"Calle Vidal de Blanes, 17",https://www.idealista.com/inmueble/95600245/
28283098,"Calle Genaro la Huerta, 47",https://www.idealista.com/inmueble/28283098/
95466189,Calle de Blanes,https://www.idealista.com/inmueble/95466189/
95383939,"SUECA, 81",https://www.idealista.com/inmueble/95383939/
95312739,Calle de Buenos Aires,https://www.idealista.com/inmueble/95312739/
95287384,Calle de la Corona,https://www.idealista.com/inmueble/95287384/
95200211,Passatge de Giner,https://www.idealista.com/inmueble/95200211/
95049184,Calle Creu Roja,https://www.idealista.com/inmueble/95049184/
94595741,Calle de la Sénia,https://www.idealista.com/inmueble/94595741/
94595725,Calle de Joan Llorenç,https://www.idealista.com/inmueble/94595725/
94565059,Paseo Serra d 'Espadá,https://www.idealista.com/inmueble/94565059/
94564836,Paseo Serra d 'Espadá,https://www.idealista.com/inmueble/94564836/
94564661,Paseo Serra d 'Espadá,https://www.idealista.com/inmueble/94564661/
94564577,Paseo Serra d 'Espadá,https://www.idealista.com/inmueble/94564577/
93863587,Calle del Mestre Aguilar,https://www.idealista.com/inmueble/93863587/
91757359,Plaza del Col·legi del Patriarca,https://www.idealista.com/inmueble/91757359/
91491564,Calle de Mosén Femades,https://www.idealista.com/inmueble/91491564/
91099077,Calle de l'Almirall Cadarso,https://www.idealista.com/inmueble/91099077/
88892608,Calle Pérez Pujol,https://www.idealista.com/inmueble/88892608/
95728704,Calle de la Reina,https://www.idealista.com/inmueble/95728704/
95696049,Avenida de Pérez Galdós,https://www.idealista.com/inmueble/95696049/
91649932,Avenida d'Aragó,https://www.idealista.com/inmueble/91649932/
95632648,Calle de Russafa,https://www.idealista.com/inmueble/95632648/
95588544,Avenida d'Ausiàs March,https://www.idealista.com/inmueble/95588544/
95586600,Avenida del Cid,https://www.idealista.com/inmueble/95586600/
95557422,barrio Sant Francesc,https://www.idealista.com/inmueble/95557422/
95526822,Calle de l'Arquitecte Alfaro,https://www.idealista.com/inmueble/95526822/
95098210,San Antonio,https://www.idealista.com/inmueble/95098210/
95736412,Avenida Maestro Rodrigo,https://www.idealista.com/inmueble/95736412/
95757403,Avenida del Puerto,https://www.idealista.com/inmueble/95757403/
95727907,barrio Sant Pau,https://www.idealista.com/inmueble/95727907/
95703633,Calle de la Beneficencia,https://www.idealista.com/inmueble/95703633/
81303138,Calle del Poeta Mas y Ros,https://www.idealista.com/inmueble/81303138/
92815582,barrio Benicalap,https://www.idealista.com/inmueble/92815582/
92811759,barrio Benicalap,https://www.idealista.com/inmueble/92811759/
95713362,Avenida del Primado Reig,https://www.idealista.com/inmueble/95713362/
94745053,"Calle de la Reina Na Maria, 3",https://www.idealista.com/inmueble/94745053/
95496451,barrio Mestalla,https://www.idealista.com/inmueble/95496451/
95029420,Buenos aires,https://www.idealista.com/inmueble/95029420/
94772932,barrio Benimaclet,https://www.idealista.com/inmueble/94772932/
95705805,barrio Sant Pau,https://www.idealista.com/inmueble/95705805/
87546607,Calle PALANCIA s/n Valencia,https://www.idealista.com/inmueble/87546607/
93744311,"Carrera de la Fonteta de Sant Lluís, 132",https://www.idealista.com/inmueble/93744311/
95689716,"Calle la Guardia Civil, 19",https://www.idealista.com/inmueble/95689716/
95657014,Conde Altea,https://www.idealista.com/inmueble/95657014/
95643118,Calle Micer Mascó s/n,https://www.idealista.com/inmueble/95643118/
95606332,"Avenida de la Plata, 9",https://www.idealista.com/inmueble/95606332/
95500568,"Juan de Garay, 4",https://www.idealista.com/inmueble/95500568/
95514225,Calle Padre Viñas,https://www.idealista.com/inmueble/95514225/
95295261,Calle dels Adressadors,https://www.idealista.com/inmueble/95295261/
94760617,barrio Mestalla,https://www.idealista.com/inmueble/94760617/
94606098,Calle Antonio Ponz,https://www.idealista.com/inmueble/94606098/
92080214,"Plaza Mayor, 3",https://www.idealista.com/inmueble/92080214/
94044303,"Calle Abén al Abbar, 8",https://www.idealista.com/inmueble/94044303/
40559790,Calle d'Eugènia Viñes,https://www.idealista.com/inmueble/40559790/
40559802,Calle d'Eugènia Viñes,https://www.idealista.com/inmueble/40559802/
40559800,Calle d'Eugènia Viñes,https://www.idealista.com/inmueble/40559800/
95741725,"Avenida del Primado Reig, 111",https://www.idealista.com/inmueble/95741725/
93592593,Avenida de las Cortes Valencianas,https://www.idealista.com/inmueble/93592593/
29359997,"Troya, 10",https://www.idealista.com/inmueble/29359997/
95718805,"Calle Progreso, 313",https://www.idealista.com/inmueble/95718805/
95658681,barrio Torrefiel,https://www.idealista.com/inmueble/95658681/
95633445,Avenida Olimpia Arozena Torres,https://www.idealista.com/inmueble/95633445/
95633225,barrio Russafa,https://www.idealista.com/inmueble/95633225/
89233451,Calle del Cabrit,https://www.idealista.com/inmueble/89233451/
95546337,Calle de Sant Joan Bosco,https://www.idealista.com/inmueble/95546337/
90603778,Paseo de l'Albereda,https://www.idealista.com/inmueble/90603778/
39340957,Avenida Mare Nostrum s/n,https://www.idealista.com/inmueble/39340957/
90853865,"Serranos, 31",https://www.idealista.com/inmueble/90853865/
94244607,"Calle Pp Orriols PRR-3, 4 D",https://www.idealista.com/inmueble/94244607/
92438581,Calle d'Escalante,https://www.idealista.com/inmueble/92438581/
95695188,"Avenida de la Plata, 9",https://www.idealista.com/inmueble/95695188/
94750800,Calle Reverendo José Pinazo,https://www.idealista.com/inmueble/94750800/
95606550,"Calle de Campoamor, 50",https://www.idealista.com/inmueble/95606550/
95595073,"Plaza Don Juan de Villarrasa, 12",https://www.idealista.com/inmueble/95595073/
95586942,Paseo Olimpia Arozena Torres,https://www.idealista.com/inmueble/95586942/
85502272,Avenida Mare Nostrum,https://www.idealista.com/inmueble/85502272/
95582213,"Avenida de França, 157",https://www.idealista.com/inmueble/95582213/
95543449,"Plaza Don Juan de Villarrasa, 12",https://www.idealista.com/inmueble/95543449/
95534977,"Calle de Pere de València, 2",https://www.idealista.com/inmueble/95534977/
95406717,Calle d'Alvaro de Bazan,https://www.idealista.com/inmueble/95406717/
90295626,Plaza de l'Ajuntament,https://www.idealista.com/inmueble/90295626/
95333382,Calle de la Pianista Empar Iturbi,https://www.idealista.com/inmueble/95333382/
95255561,Calle del Pintor Vila Prades,https://www.idealista.com/inmueble/95255561/
94922417,Paseo Serra d 'Espadá,https://www.idealista.com/inmueble/94922417/
94811135,barrio El Pla del Remei,https://www.idealista.com/inmueble/94811135/
